Name	Kingdom	Phylum	Class	Order	Family	Genus	Species	1.1_MSU977	12.1_MSU977	13.1_MSU977	14.1_MSU977	15.1_MSU977	17.1_MSU977	22.1_MSU977	23.1_MSU977	24.1_MSU977	26.1_MSU977	28.1_MSU977	31.1_MSU977	32.1_MSU977	33.1_MSU977	35.1_MSU977	37.1_MSU977	39.1_MSU977	4.1_MSU977	5.1_MSU977	9.1_MSU977	10.1_MSU977	11.1_MSU977	16.1_MSU977	18.1_MSU977	19.1_MSU977	2.1_MSU977	20.1_MSU977	21.1_MSU977	25.1_MSU977	29.1r_MSU997	3.1_MSU977	30.1_MSU977	34.1_MSU977	36.1_MSU977	38.1_MSU977	40.1_MSU977	41.1_MSU977	6.1_MSU977	7.1_MSU977	8.1_MSU977	1.2_MSU977	12.2_MSU977	13.2_MSU977	14.2_MSU977	15.2_MSU977	17.2_MSU977	22.2_MSU977	23.2_MSU977	24.2_MSU977	26.2_MSU977	28.2_MSU977	31.2_MSU977	32.2_MSU977	33.2_MSU977	35.2_MSU977	37.2_MSU977	39.2_MSU977	4.2_MSU977	5.2_MSU977	9.2_MSU977	10.2_MSU977	11.2_MSU977	16.2_MSU977	18.2_MSU977	19.2_MSU977	2.2_MSU977	20.2_MSU977	21.2_MSU977	25.2_MSU977	29.2_MSU977	3.2_MSU977	30.2_MSU977	34.2_MSU977	36.2_MSU977	38.2_MSU977	40.2_MSU977	41.2_MSU977	6.2_MSU977	7.2_MSU977	8.2_MSU977	1.5_MSU977	12.5_MSU977	13.5_MSU977	14.5_MSU977	15.5_MSU977	17.5_MSU977	22.5_MSU977	23.5_MSU977	24.5_MSU977	26.5_MSU977	28.5_MSU977	31.5_MSU977	32.5_MSU977	33.5_MSU977	35.5_MSU977	37.5_MSU977	39.5_MSU977	4.5_MSU977	5.5_MSU977	9.5_MSU977	10.5_MSU977	11.5_MSU977	16.5_MSU977	18.5_MSU977	19.5_MSU977	2.5_MSU977	20.5_MSU977	21.5_MSU977	25.5_MSU977	29.5_MSU977	3.5_MSU977	30.5_MSU977	34.5_MSU977	36.5_MSU977	38.5_MSU977	40.5_MSU977	41.5_MSU977	6.5_MSU977	7.5_MSU977	8.5_MSU977	1.7_MSU977	12.7_MSU977	13.7_MSU977	14.7_MSU977	15.7_MSU977	17.7_MSU977	22.7_MSU977	23.7_MSU977	24.7_MSU977	26.7_MSU977	28.7_MSU977	31.7_MSU977	32.7_MSU977	33.7_MSU977	35.7_MSU977	37.7_MSU977	39.7_MSU977	4.7_MSU977	5.7_MSU977	9.7_MSU977	10.7_MSU977	11.7_MSU977	16.7_MSU977	18.7_MSU977	19.7_MSU977	2.7_MSU977	20.7_MSU977	21.7_MSU977	25.7_MSU977	3.7_MSU977	30.7_MSU977	34.7_MSU977	36.7_MSU977	38.7_MSU977	40.7_MSU977	41.7_MSU977	6.7_MSU977	7.7_MSU977	8.7_MSU977	Taxonomy Id	Taxonomy Lineage
Cronobacter phage vB_CsaP_GAP52	Viruses	Viruses_u_p	Viruses_u_c	Caudovirales	Podoviridae	Podoviridae_u_g	Cronobacter phage vB_CsaP_GAP52	5.45	0	31.08	0	0	0	0	0	10.86	0	3.93	0	0	0	0	0	0	13.49	8.2	0	9.88	5.89	0	0	0	0	0	0	0	0	0	0	0	0	0	0	0	0	3.2	0	0	0	0	0	0	0	0	0	0	0	0	0	0	0	0	0	0	0	0	0	0	0	0	0	0	0	0	0	0	0	0	0	0	0	0	0	0	0	0	0	0	0	0	0	0	0	0	0	0	0	0	0	0	0	0	0	0	0	0	0	9.76	0	0	0	0	0	0	0	0	0	0	0	0	0	0	0	0	0	0	0	0	0	0	0	0	0	0	0	0	0	0	0	0	0	0	0	0	0	0	0	0	0	0	0	0	0	0	0	0	0	0	0	0	0	0	0	0	0	0	1141137	k__Viruses(10239);p__Viruses_u_p(10239);c__Viruses_u_c(10239);o__Caudovirales(28883);f__Podoviridae(10744);g__Podoviridae_u_g(10744);s__Cronobacter phage vB_CsaP_GAP52(1141137);
Karamvirus_u_s	Viruses	Viruses_u_p	Viruses_u_c	Caudovirales	Myoviridae	Karamvirus	Karamvirus_u_s	0	0	0	0	3.17	0	0	0	0	0	0	0	0	0	0	0	0	0	0	0	0	0	0	0	0	0	0	0	0	0	0	0	0	0	0	0	0	0	0	0	0	0	0	0	0	0	0	0	0	0	0	0	0	0	0	0	0	0	0	0	0	0	0	0	0	0	0	0	0	0	0	0	0	0	0	0	0	0	0	0	0	0	0	0	0	0	0	0	0	0	0	0	0	0	0	0	0	0	0	0	0	0	0	0	0	0	0	0	0	0	0	0	0	0	0	0	0	0	0	0	0	0	0	0	0	0	0	0	0	0	0	0	0	0	0	0	0	0	0	0	0	0	0	0	0	0	0	0	0	0	0	0	0	0	0	0	0	0	0	1913650	k__Viruses(10239);p__Viruses_u_p(10239);c__Viruses_u_c(10239);o__Caudovirales(28883);f__Myoviridae(10662);g__Karamvirus(1913650);s__Karamvirus_u_s(1913650);
Escherichia virus CC31	Viruses	Viruses_u_p	Viruses_u_c	Caudovirales	Myoviridae	Karamvirus	Escherichia virus CC31	0	0	0	0	0	0	0	0	0	0	0	0	0	0	0	0	0	0	0	0	6.45	0	0	0	0	0	0	0	0	0	0	0	0	0	0	0	0	0	0	0	0	0	0	0	0	0	0	0	0	0	0	0	0	0	0	0	0	0	0	0	0	0	0	0	0	0	0	0	0	0	0	0	0	0	0	0	0	0	0	0	0	0	0	0	0	0	0	0	0	0	0	0	0	0	0	0	0	0	0	0	0	0	0	0	0	0	0	0	0	0	0	0	0	0	0	0	0	0	0	0	0	0	0	0	0	0	0	0	0	0	0	0	0	0	0	0	0	0	0	0	0	0	0	0	0	0	0	0	0	0	0	0	0	0	0	0	0	0	0	1913656	k__Viruses(10239);p__Viruses_u_p(10239);c__Viruses_u_c(10239);o__Caudovirales(28883);f__Myoviridae(10662);g__Karamvirus(1913650);s__Escherichia virus CC31(1913656);
Enterobacteria phage BP-4795	Viruses	Viruses_u_p	Viruses_u_c	Caudovirales	Siphoviridae	Siphoviridae_u_g	Enterobacteria phage BP-4795	0	25.94	0	25.94	13.74	147.2	0	20.87	0	0	0	0	0	22.35	0	0	0	98.76	12.8	0	38.13	13.32	39.37	19.74	0	0	6.74	0	15.88	0	3.23	0	0	0	0	44.53	0	0	48.24	0	0	0	0	0	40.12	0	0	5.82	0	0	0	0	0	0	21.32	0	0	0	0	0	0	0	0	0	2.36	0	0	0	0	0	0	0	0	7.68	0	0	0	0	0	0	0	5.37	0	0	0	0	0	1.77	0	0	0	0	0	0	0	0	0	0	59.4	0	0	0	0	0	6.74	0	0	0	0	0	19.18	0	0	0	0	0	0	0	0	0	0	0	0	16.97	0	0	27.82	0	0	0	0	0	0	0	0	0	0	0	0	0	0	13.32	0	0	0	0	8.55	0	0	0	0	0	0	0	0	0	0	12.17	0	196242	k__Viruses(10239);p__Viruses_u_p(10239);c__Viruses_u_c(10239);o__Caudovirales(28883);f__Siphoviridae(10699);g__Siphoviridae_u_g(10699);s__Enterobacteria phage BP-4795(196242);
Escherichia virus HK106	Viruses	Viruses_u_p	Viruses_u_c	Caudovirales	Siphoviridae	Hendrixvirus	Escherichia virus HK106	0	0	0	0	0	0	0	0	0	0	0	0	0	0	0	0	0	0	0	0	0	0	0	0	0	0	0	0	0	0	0	0	0	17.96	0	0	0	0	0	0	0	0	0	0	0	0	0	0	0	0	0	0	0	0	0	0	0	0	0	0	0	0	0	0	0	0	0	0	0	0	0	0	0	0	0	0	0	0	0	0	0	0	0	0	0	0	0	0	0	0	0	0	0	0	0	0	0	0	0	0	0	0	0	0	0	0	0	0	0	0	0	0	0	0	0	0	0	0	0	0	0	0	0	0	0	0	138.6	0	0	0	0	0	0	0	0	0	0	0	0	0	0	0	0	0	0	0	0	0	0	0	0	0	0	0	0	0	0	0	0	2169920	k__Viruses(10239);p__Viruses_u_p(10239);c__Viruses_u_c(10239);o__Caudovirales(28883);f__Siphoviridae(10699);g__Hendrixvirus(2169654);s__Escherichia virus HK106(2169920);
Enterobacteria phage HK140	Viruses	Viruses_u_p	Viruses_u_c	Caudovirales	Siphoviridae	Hendrixvirus	Enterobacteria phage HK140	0	0	0	0	0	0	0	0	0	0	0	0	0	24.69	0	0	0	0	0	0	0	4.11	0	0	0	0	0	0	0	0	0	0	7.68	0	0	0	12.46	0	4.79	0	0	0	0	0	0	0	0	0	0	0	0	0	0	0	0	0	0	0	0	0	0	0	0	0	0	0	10.41	0	0	0	0	0	0	0	0	0	0	0	0	0	0	0	0	0	0	0	0	0	0	10.01	0	0	0	0	0	0	0	0	0	0	0	0	0	0	3.14	0	0	0	0	0	0	0	0	0	0	0	0	0	0	0	0	0	0	0	0	0	468.85	0	0	0	0	0	0	0	0	0	0	0	0	0	0	0	0	0	0	0	0	0	0	0	0	0	0	0	0	0	0	0	0	1147143	k__Viruses(10239);p__Viruses_u_p(10239);c__Viruses_u_c(10239);o__Caudovirales(28883);f__Siphoviridae(10699);g__Hendrixvirus(2169654);s__Enterobacteria phage HK140(1147143);
Escherichia virus HK544	Viruses	Viruses_u_p	Viruses_u_c	Caudovirales	Siphoviridae	Hendrixvirus	Escherichia virus HK544	0	0	0	0	0	0	0	0	0	0	0	0	0	0	0	0	0	0	0	0	0	0	0	0	0	0	0	0	0	0	0	0	0	0	0	0	0	0	0	0	0	0	0	0	0	0	0	0	0	0	0	0	0	0	0	0	0	0	0	0	0	0	0	0	0	0	0	0	0	0	0	0	0	0	0	0	0	0	0	0	0	0	0	0	0	0	0	0	0	0	0	0	0	0	0	0	0	0	3.96	0	0	0	0	0	0	0	0	0	0	0	0	0	0	0	0	0	0	0	0	0	0	0	0	0	0	0	14.25	0	0	0	0	0	0	0	0	0	0	0	0	0	0	25.84	0	0	0	0	0	0	0	0	0	0	0	0	0	0	0	0	0	2169923	k__Viruses(10239);p__Viruses_u_p(10239);c__Viruses_u_c(10239);o__Caudovirales(28883);f__Siphoviridae(10699);g__Hendrixvirus(2169654);s__Escherichia virus HK544(2169923);
Escherichia virus HK629	Viruses	Viruses_u_p	Viruses_u_c	Caudovirales	Siphoviridae	Lambdavirus	Escherichia virus HK629	0	0	0	0	0	0	0	0	0	0	0	0	0	7.61	0	0	0	0	0	0	0	0	0	0	0	0	0	0	0	0	0	0	0	0	0	0	0	0	0	0	0	0	0	0	0	0	0	0	0	0	0	0	0	0	32.19	0	0	0	0	0	0	0	0	0	0	0	0	0	0	0	0	0	0	0	0	0	0	0	0	0	0	0	0	0	0	0	0	0	0	0	0	0	0	0	0	0	0	0	0	0	0	0	0	0	0	0	0	0	0	0	0	0	0	0	0	0	0	0	0	0	0	0	0	0	0	0	0	0	0	0	0	0	0	0	0	0	0	0	0	0	0	0	0	0	0	0	0	0	0	0	0	0	0	0	0	0	0	0	0	2169968	k__Viruses(10239);p__Viruses_u_p(10239);c__Viruses_u_c(10239);o__Caudovirales(28883);f__Siphoviridae(10699);g__Lambdavirus(186765);s__Escherichia virus HK629(2169968);
Escherichia virus HK633	Viruses	Viruses_u_p	Viruses_u_c	Caudovirales	Siphoviridae	Hendrixvirus	Escherichia virus HK633	0	0	0	0	0	0	0	0	0	0	0	0	0	6.51	0	0	0	0	0	0	0	0	0	0	0	0	0	0	0	0	0	0	0	0	0	0	0	0	0	0	0	0	0	0	0	0	0	0	0	0	0	0	0	24.97	0	0	0	0	0	0	0	0	0	0	0	0	0	0	0	0	0	0	0	0	0	0	8.18	0	0	0	0	0	0	0	0	0	0	0	0	0	0	0	0	0	0	0	0	0	0	0	0	0	0	0	0	0	0	0	0	0	0	0	0	0	0	0	0	0	0	0	0	0	0	0	0	0	5595.58	0	0	0	0	0	0	0	0	0	0	0	0	0	0	0	0	0	0	0	0	0	0	0	0	0	0	0	0	0	0	0	0	2169924	k__Viruses(10239);p__Viruses_u_p(10239);c__Viruses_u_c(10239);o__Caudovirales(28883);f__Siphoviridae(10699);g__Hendrixvirus(2169654);s__Escherichia virus HK633(2169924);
Enterobacteria phage IME10	Viruses	Viruses_u_p	Viruses_u_c	Caudovirales	Podoviridae	Lederbergvirus	Enterobacteria phage IME10	0	0	0	0	0	72.19	0	0	0	0	0	0	0	20.44	17.98	0	0	0	0	0	0	0	0	0	0	0	0	7.97	0	0	0	0	0	0	0	0	0	0	0	0	0	0	0	0	0	2.55	2.85	0	0	0	0	0	0	22.08	11.02	0	0	0	0	0	0	2.7	0	0	11.02	0	0	0	2.85	0	3.79	0	0	0	0	2.55	0	0	0	0	0	0	0	0	0	0	0	0	0	0	0	0	0	0	0	0	0	0	0	0	0	13.61	0	0	24.85	0	0	2.7	0	0	0	0	0	0	0	0	0	0	0	0	0	0	0	0	0	0	5388.28	0	0	0	0	0	0	0	0	0	0	0	0	0	0	0	0	0	0	5.46	0	0	0	0	0	0	0	0	0	0	0	0	0	1090133	k__Viruses(10239);p__Viruses_u_p(10239);c__Viruses_u_c(10239);o__Caudovirales(28883);f__Podoviridae(10744);g__Lederbergvirus(186794);s__Enterobacteria phage IME10(1090133);
Escherichia virus If1	Loebvirae	Hofneiviricota	Faserviricetes	Tubulavirales	Inoviridae	Inoviridae_u_g	Escherichia virus If1	0	0	0	0	0	0	0	94.18	0	0	0	0	0	0	0	0	8.86	0	0	0	108.18	0	0	5.44	0	0	0	0	0	0	0	0	0	0	0	0	0	0	0	0	0	0	0	0	0	0	0	0	0	0	0	0	0	0	0	0	0	0	0	0	0	11.17	0	0	0	0	0	0	0	0	15.23	0	0	0	0	0	0	0	0	0	0	0	0	0	0	0	0	0	0	0	0	0	0	0	0	0	0	0	0	0	0	0	0	0	0	0	0	0	0	0	0	0	0	0	0	0	0	0	5.95	0	0	0	0	0	0	0	0	0	0	0	0	0	0	0	0	0	0	0	0	0	0	0	0	0	0	8.11	11.17	0	0	0	0	0	0	0	15.23	0	0	0	0	1977411	k__Loebvirae(2732090);p__Hofneiviricota(2732410);c__Faserviricetes(2732411);o__Tubulavirales(2732094);f__Inoviridae(10860);g__Inoviridae_u_g(10860);s__Escherichia virus If1(1977411);
Enterobacteria phage P4	Viruses	Viruses_u_p	Viruses_u_c	Caudovirales	Caudovirales_u_f	Caudovirales_u_g	Enterobacteria phage P4	0	0	0	0	0	0	0	0	567.81	0	0	0	0	20.2	0	162.97	0	18.07	650.46	0	0	55.95	0	0	83.2	0	0	0	0	0	91.32	0	0	0	0	0	0	0	10.65	0	0	0	0	0	0	0	0	0	0	23.66	0	0	0	253.56	0	0	0	83.2	0	0	0	92.46	0	0	278.46	0	0	0	0	0	0	0	0	31.59	0	0	0	0	0	0	0	0	0	0	0	0	0	20.92	19.49	20.38	0	0	0	0	0	0	0	43.5	0	0	0	38.47	0	0	0	0	0	0	0	0	0	0	0	0	0	18.07	0	0	0	0	0	0	0	0	0	0	1043.35	0	378.83	0	0	0	0	0	0	0	0	30.63	0	0	0	379.65	0	0	0	0	133.6	0	0	16.67	0	0	0	0	0	0	0	13.26	0	10680	k__Viruses(10239);p__Viruses_u_p(10239);c__Viruses_u_c(10239);o__Caudovirales(28883);f__Caudovirales_u_f(28883);g__Caudovirales_u_g(28883);s__Enterobacteria phage P4(10680);
Enterobacteria phage Sf101	Viruses	Viruses_u_p	Viruses_u_c	Caudovirales	Podoviridae	Lederbergvirus	Enterobacteria phage Sf101	0	0	0	0	0	0	0	0	0	0	0	0	0	0	226.07	0	0	0	0	0	0	23.31	0	0	0	0	0	19.97	0	0	17.55	0	0	0	0	0	0	0	0	0	0	0	0	0	0	0	0	0	0	0	0	0	0	0	0	0	0	0	0	0	0	0	0	0	0	0	0	0	4.02	0	106.04	0	0	0	0	0	0	0	0	0	2.69	0	0	0	0	0	0	0	0	0	0	0	0	0	0	0	0	0	0	0	0	0	0	0	11.87	0	0	7.45	0	0	0	0	0	0	0	0	0	0	0	0	0	2.69	0	0	0	0	5409.68	0	0	4.02	0	0	0	24.82	0	0	0	0	0	0	0	0	0	0	0	19.36	7.14	0	0	0	0	0	0	0	0	0	0	0	0	1524881	k__Viruses(10239);p__Viruses_u_p(10239);c__Viruses_u_c(10239);o__Caudovirales(28883);f__Podoviridae(10744);g__Lederbergvirus(186794);s__Enterobacteria phage Sf101(1524881);
Enterobacteria phage SfI	Viruses	Viruses_u_p	Viruses_u_c	Caudovirales	Myoviridae	Myoviridae_u_g	Enterobacteria phage SfI	6.38	6.38	7.12	0	0	0	6.38	4.96	0	0	0	0	0	4.14	3.11	0	0	31.1	0	10.2	18.83	0	0	18.12	0	0	2.14	0	0	0	0	0	26.9	0	0	0	0	0	38.58	0	0	0	11.33	0	15.34	0	8.63	0	0	7.56	0	0	0	0	0	0	0	20.44	0	0	2.61	0	0	0	3.62	0	0	0	0	20.98	0	0	0	0	0	0	0	0	0	0	0	0	0	0	0	0	0	5.8	0	5.24	0	0	0	0	0	0	0	0	0	0	0	28.42	0	0	0	0	0	0	0	0	0	0	0	0	0	0	0	0	0	10.68	0	0	7.56	8.63	0	0	220.1	0	4.96	8.63	0	0	0	16.89	0	0	4.28	0	0	0	0	0	0	0	0	0	0	0	0	0	0	0	3.62	0	0	0	0	0	11.33	1225789	k__Viruses(10239);p__Viruses_u_p(10239);c__Viruses_u_c(10239);o__Caudovirales(28883);f__Myoviridae(10662);g__Myoviridae_u_g(10662);s__Enterobacteria phage SfI(1225789);
Enterobacteria phage SfV	Viruses	Viruses_u_p	Viruses_u_c	Caudovirales	Myoviridae	Myoviridae_u_g	Enterobacteria phage SfV	0	0	52.64	0	0	0	0	0	0	0	0	0	5.93	0	2.84	3.35	0	33.58	0	0	0	0	0	0	0	0	58.45	0	0	0	0	0	2.05	0	1.68	0	0	0	217.29	0	0	0	0	5.46	0	0	159.17	0	0	18.9	0	0	0	1.68	22.89	0	0	0	9.39	14.77	0	0	0	0	0	0	16.17	0	0	32.15	0	0	0	0	0	0	0	0	0	0	0	0	0	0	0	0	0	0	0	8.63	0	0	0	0	0	0	0	0	0	0	0	13.11	0	0	2.05	0	0	0	0	0	0	0	0	0	0	3.35	0	0	0	0	3.67	0	0	0	0	3.67	611.29	0	0	0	0	0	0	0	0	0	0	0	0	0	0	0	0	0	0	1.68	0	0	0	0	0	0	0	0	0	0	0	0	0	55884	k__Viruses(10239);p__Viruses_u_p(10239);c__Viruses_u_c(10239);o__Caudovirales(28883);f__Myoviridae(10662);g__Myoviridae_u_g(10662);s__Enterobacteria phage SfV(55884);
Enterobacteria phage VT2phi_272	Viruses	Viruses_u_p	Viruses_u_c	Caudovirales	Podoviridae	Oslovirus	Enterobacteria phage VT2phi_272	0	0	0	0	0	0	0	0	0	0	0	0	0	0	0	0	0	0	0	0	0	0	0	0	0	0	0	0	0	0	0	0	0	0	0	0	0	0	0	0	0	0	0	0	0	0	0	0	0	0	0	0	0	0	0	0	0	0	0	0	0	0	0	0	0	0	0	0	0	0	0	0	0	0	0	0	0	0	0	0	0	0	0	0	0	0	0	0	0	0	0	0	0	0	0	0	0	0	0	0	0	0	0	0	0	0	0	0	0	0	0	0	0	0	0	0	0	0	0	0	0	0	0	0	0	0	192.14	0	0	0	0	0	0	0	0	0	0	0	0	0	0	0	0	0	0	0	0	0	0	0	0	0	0	0	0	0	0	0	0	936054	k__Viruses(10239);p__Viruses_u_p(10239);c__Viruses_u_c(10239);o__Caudovirales(28883);f__Podoviridae(10744);g__Oslovirus(1981159);s__Enterobacteria phage VT2phi_272(936054);
Enterobacteria phage YYZ-2008	Viruses	Viruses_u_p	Viruses_u_c	Caudovirales	Siphoviridae	Siphoviridae_u_g	Enterobacteria phage YYZ-2008	0	50.03	0	0	0	54.73	17.02	0	25.59	0	0	0	0	0	0	0	0	0	0	0	0	0	49.75	9.84	0	0	0	43.4	0	0	0	0	0	30.53	0	26.71	0	0	189.25	0	0	0	0	0	15.24	0	0	0	0	0	0	0	0	0	0	66.39	0	0	0	0	0	0	0	0	0	0	3.56	0	0	0	0	0	0	0	0	0	0	0	0	0	0	0	0	0	0	0	0	39.76	0	0	0	0	0	0	0	0	0	0	0	0	0	0	0	0	26.55	0	0	0	0	0	17.02	0	0	0	0	42.04	0	0	0	0	0	0	0	0	0	0	227.52	0	0	0	0	0	0	0	0	0	0	19.3	0	25.59	0	120.76	0	0	0	0	36.34	0	0	0	0	0	0	0	0	0	0	0	0	564886	k__Viruses(10239);p__Viruses_u_p(10239);c__Viruses_u_c(10239);o__Caudovirales(28883);f__Siphoviridae(10699);g__Siphoviridae_u_g(10699);s__Enterobacteria phage YYZ-2008(564886);
Enterobacteria phage cdtI	Viruses	Viruses_u_p	Viruses_u_c	Caudovirales	Siphoviridae	Siphoviridae_u_g	Enterobacteria phage cdtI	10.95	0	0	0	2.43	6.42	2.19	22.89	3.42	0	0	0	0	0	6.14	0	15.08	13.44	3.17	0	48.07	58.51	13.76	10.33	0	0	6.14	5.57	0	0	2.92	0	2.43	7.3	0	0	0	0	7.44	3.17	0	0	0	0	0	0	16.83	22.8	14.83	0	0	0	0	11.19	2.92	20.26	6.14	0	0	2.92	0	3.3	0	0	11.51	2.19	0	0	0	5.29	10.02	0	0	0	0	0	0	0	0	0	0	0	0	0	0	0	0	9.17	2.67	6.71	0	0	0	0	0	29.93	0	0	2.19	15.83	0	7.89	0	0	25.65	0	4.47	0	0	0	4.21	0	0	4.21	0	0	0	0	0	0	14.5	0	0	0	11.59	0	829.52	0	16.83	24.93	0	0	0	46.49	0	0	0	0	0	0	0	0	3.42	0	11.51	43.57	8.79	0	0	0	0	0	12.22	0	0	2.19	0	0	40.21	414970	k__Viruses(10239);p__Viruses_u_p(10239);c__Viruses_u_c(10239);o__Caudovirales(28883);f__Siphoviridae(10699);g__Siphoviridae_u_g(10699);s__Enterobacteria phage cdtI(414970);
Escherichia virus fiAA91ss	Viruses	Viruses_u_p	Viruses_u_c	Caudovirales	Myoviridae	Peduovirus	Escherichia virus fiAA91ss	1.71	0	79.81	0	2.88	22.21	0	0	150.98	0	0	0	42.24	0	20.71	19.07	0	44.93	183.72	0	0	18.05	0	5.44	29.19	0	60.41	0	0	0	0	0	28.08	0	0	0	0	0	257.96	0	0	0	12.78	0	0	0	0	0	0	9.29	0	0	0	120.57	0	0	0	0	0	2.88	0	0	0	0	0	0	42.49	0	0	0	0	0	0	0	0	0	0	0	0	0	3.3	0	0	0	0	0	0	0	114.27	0	0	2.48	0	0	33.99	0	0	0	0	0	0	0	0	0	4.63	0	0	0	0	0	0	0	0	0	0	0	0	0	41.74	0	0	0	12.1	0	0	0	628.84	0	213.99	0	0	0	0	0	0	0	0	0	0	0	0	333.33	0	0	0	4.18	191.22	0	0	0	0	0	0	0	0	0	6.03	134.66	0	2560457	k__Viruses(10239);p__Viruses_u_p(10239);c__Viruses_u_c(10239);o__Caudovirales(28883);f__Myoviridae(10662);g__Peduovirus(140410);s__Escherichia virus fiAA91ss(2560457);
Enterobacteria phage mEp043 c-1	Viruses	Viruses_u_p	Viruses_u_c	Caudovirales	Siphoviridae	Siphoviridae_u_g	Enterobacteria phage mEp043 c-1	0	0	0	0	0	0	0	0	0	0	0	0	0	0	0	0	0	0	0	0	0	0	0	0	0	0	0	0	0	0	0	0	0	0	0	0	0	0	0	0	0	0	0	0	0	0	0	0	0	0	0	0	0	32.74	26.15	0	0	0	0	0	0	0	0	0	0	0	0	0	0	0	0	0	0	0	0	0	0	0	0	0	0	0	0	0	0	0	0	0	0	0	0	0	0	0	0	0	0	0	0	0	0	0	0	0	0	0	0	0	0	0	0	0	0	0	0	0	0	0	0	0	0	0	0	0	0	0	2166.08	0	0	0	0	0	0	0	0	0	0	0	0	0	0	0	0	0	0	0	0	0	0	0	0	0	0	0	0	0	0	0	0	1147149	k__Viruses(10239);p__Viruses_u_p(10239);c__Viruses_u_c(10239);o__Caudovirales(28883);f__Siphoviridae(10699);g__Siphoviridae_u_g(10699);s__Enterobacteria phage mEp043 c-1(1147149);
Enterobacteria phage mEp235	Viruses	Viruses_u_p	Viruses_u_c	Caudovirales	Siphoviridae	Hendrixvirus	Enterobacteria phage mEp235	0	0	0	0	0	0	0	0	0	0	0	0	0	0	0	0	0	0	0	0	0	0	0	0	0	0	0	0	0	0	0	0	0	0	0	0	0	0	8.46	0	0	0	0	0	0	0	0	0	0	0	0	0	0	0	0	0	0	0	0	0	0	0	0	0	0	0	0	0	0	0	0	0	0	0	0	0	0	0	0	0	0	0	0	0	0	0	0	0	0	0	0	0	0	0	0	0	0	0	0	0	0	0	0	0	0	0	0	0	0	0	0	0	0	0	0	0	0	0	0	0	0	0	0	0	0	0	121.53	0	0	0	0	0	0	0	0	0	0	0	0	0	0	0	0	0	0	0	0	0	0	0	0	0	0	0	0	0	0	0	0	1147150	k__Viruses(10239);p__Viruses_u_p(10239);c__Viruses_u_c(10239);o__Caudovirales(28883);f__Siphoviridae(10699);g__Hendrixvirus(2169654);s__Enterobacteria phage mEp235(1147150);
Enterobacteria phage mEp237	Viruses	Viruses_u_p	Viruses_u_c	Caudovirales	Siphoviridae	Ravinvirus	Enterobacteria phage mEp237	0	0	0	4.83	0	0	0	0	0	0	0	0	0	0	0	0	0	0	0	0	0	0	0	0	0	0	0	0	0	0	0	0	0	0	0	0	0	0	0	0	0	0	0	0	0	0	0	0	0	0	0	0	0	0	0	0	0	0	0	0	0	0	0	0	0	0	0	0	0	0	0	0	0	0	0	0	0	0	0	0	0	0	0	0	0	0	0	0	0	0	0	0	0	0	0	0	0	0	0	0	0	0	0	0	0	0	0	0	0	0	0	0	0	0	0	0	0	0	0	0	0	0	0	0	0	0	18.47	0	5.29	10.71	0	0	0	0	0	0	0	0	0	0	0	0	0	0	0	0	0	0	0	0	0	0	0	0	0	0	0	0	0	1147151	k__Viruses(10239);p__Viruses_u_p(10239);c__Viruses_u_c(10239);o__Caudovirales(28883);f__Siphoviridae(10699);g__Ravinvirus(308911);s__Enterobacteria phage mEp237(1147151);
Enterobacteria phage mEp460	Viruses	Viruses_u_p	Viruses_u_c	Caudovirales	Siphoviridae	Siphoviridae_u_g	Enterobacteria phage mEp460	0	18.34	3.25	10.69	0	8.16	0	131.74	9.41	0	0	2.39	0	2.67	0	104.47	29.02	38.19	79.17	2.11	124.06	0	14.87	25.91	4.79	0	0	11.81	0	0	5.44	0	7.12	0	0	0	0	0	38.19	3.85	0	0	5.77	0	0	29.56	91.41	51.81	0	2.88	0	0	4.4	25.16	5.77	0	0	2.39	0	89.7	0	0	0	0	3.85	0	19.25	0	0	7.21	9.59	0	0	0	0	0	0	0	0	0	0	0	0	0	0	0	0	0	12.47	0	0	0	0	0	0	3.55	0	0	16.14	0	0	2.88	0	0	20.17	0	0	0	0	0	0	0	0	0	0	0	0	6.78	0	0	18.74	0	0	7.46	0	0	289.3	0	8.61	75.86	0	0	0	97.14	0	0	0	5.6	0	0	13.71	9.05	16.44	0	4.16	0	13.71	0	0	0	0	0	0	0	0	2.67	0	0	0	1147152	k__Viruses(10239);p__Viruses_u_p(10239);c__Viruses_u_c(10239);o__Caudovirales(28883);f__Siphoviridae(10699);g__Siphoviridae_u_g(10699);s__Enterobacteria phage mEp460(1147152);
Escherichia virus mEpX1	Viruses	Viruses_u_p	Viruses_u_c	Caudovirales	Siphoviridae	Hendrixvirus	Escherichia virus mEpX1	0	0	0	0	0	0	0	0	0	0	0	0	0	0	0	0	0	0	0	0	0	0	0	0	0	0	0	0	0	0	0	0	11.32	0	0	0	0	0	0	0	0	0	0	0	0	0	0	0	0	0	0	0	0	0	0	0	0	0	0	0	0	0	0	0	11.32	0	0	0	0	0	0	0	0	0	0	0	0	0	0	0	0	0	0	0	0	0	0	0	0	0	0	0	0	0	0	0	0	0	0	0	0	0	0	0	0	0	0	0	0	0	0	0	0	0	0	0	0	0	0	0	0	0	0	0	0	0	221.33	0	0	0	0	0	0	0	0	0	0	0	0	0	0	0	0	0	0	0	0	0	0	0	0	0	0	0	0	0	0	0	0	2169927	k__Viruses(10239);p__Viruses_u_p(10239);c__Viruses_u_c(10239);o__Caudovirales(28883);f__Siphoviridae(10699);g__Hendrixvirus(2169654);s__Escherichia virus mEpX1(2169927);
Escherichia virus mEpX2	Viruses	Viruses_u_p	Viruses_u_c	Caudovirales	Siphoviridae	Hendrixvirus	Escherichia virus mEpX2	0	0	0	0	0	0	0	0	0	0	0	0	0	5.09	0	0	0	0	0	0	0	0	0	0	0	0	0	0	0	0	0	0	0	0	0	0	0	0	0	0	0	0	0	0	0	0	0	0	0	0	0	0	0	289.56	0	0	0	0	0	0	0	0	0	0	0	0	0	0	0	0	0	0	0	0	0	0	0	0	0	0	0	0	0	0	0	0	0	0	0	0	0	0	0	0	0	0	0	0	0	0	0	0	0	0	0	0	0	0	0	0	0	0	0	0	0	0	0	0	0	0	0	0	0	0	0	0	186.4	0	0	0	0	0	0	0	0	0	0	0	0	0	0	0	0	0	0	0	0	0	0	0	0	0	0	0	0	0	0	0	0	2169928	k__Viruses(10239);p__Viruses_u_p(10239);c__Viruses_u_c(10239);o__Caudovirales(28883);f__Siphoviridae(10699);g__Hendrixvirus(2169654);s__Escherichia virus mEpX2(2169928);
Enterobacteria phage vB_EcoP_ACG-C91	Viruses	Viruses_u_p	Viruses_u_c	Caudovirales	Autographiviridae	Zindervirus	Enterobacteria phage vB_EcoP_ACG-C91	0	0	0	0	0	0	0	0	0	0	0	0	0	0	0	0	0	0	0	8.57	0	0	0	0	0	0	0	0	0	0	0	0	0	0	0	0	0	0	0	0	0	0	0	0	0	0	0	0	0	0	0	0	0	0	0	0	0	0	0	0	0	0	0	0	0	0	0	0	0	0	0	0	0	0	0	0	0	0	0	0	0	0	0	0	0	0	0	0	0	0	0	0	0	0	0	0	0	0	0	0	0	0	0	0	0	0	0	0	0	0	0	0	0	0	0	0	0	0	0	0	0	0	0	0	0	0	0	0	0	0	0	0	0	0	0	0	0	0	0	0	0	0	0	0	0	0	0	0	0	0	0	0	0	0	0	0	0	0	0	1141139	k__Viruses(10239);p__Viruses_u_p(10239);c__Viruses_u_c(10239);o__Caudovirales(28883);f__Autographiviridae(2731643);g__Zindervirus(542837);s__Enterobacteria phage vB_EcoP_ACG-C91(1141139);
Enterobacterial phage mEp213	Viruses	Viruses_u_p	Viruses_u_c	Caudovirales	Siphoviridae	Siphoviridae_u_g	Enterobacterial phage mEp213	0	0	0	0	0	0	0	0	0	0	0	0	0	0	0	0	0	0	0	0	0	0	0	0	0	0	0	0	0	0	0	0	0	0	0	0	0	0	0	0	0	0	0	0	0	0	0	0	0	0	0	0	0	0	0	0	0	0	0	0	0	0	0	0	0	0	0	0	0	0	0	0	0	0	0	0	0	0	0	0	0	0	0	0	0	0	0	0	0	0	0	0	0	0	0	0	0	0	0	0	0	0	0	0	0	0	0	0	0	0	0	0	0	0	0	0	0	0	0	0	0	0	0	0	0	0	20.24	0	0	0	0	0	0	0	0	0	0	0	0	0	0	0	0	0	0	0	0	0	0	0	0	0	0	0	0	0	0	0	0	1147156	k__Viruses(10239);p__Viruses_u_p(10239);c__Viruses_u_c(10239);o__Caudovirales(28883);f__Siphoviridae(10699);g__Siphoviridae_u_g(10699);s__Enterobacterial phage mEp213(1147156);
Vequintavirus_u_s	Viruses	Viruses_u_p	Viruses_u_c	Caudovirales	Myoviridae	Vequintavirus	Vequintavirus_u_s	0	0	0	0	0	0	0	0	0	0	0	0	0	0	0	0	0	0	0	0	0	0	0	0	0	0	0	0	0	0	0	0	0	0	0	0	0	0	0	0	0	0	0	0	0	0	0	0	0	6.75	0	0	0	0	0	0	0	0	0	0	0	0	0	0	0	0	0	0	0	0	0	0	0	0	0	0	0	0	0	0	0	0	0	0	0	0	0	0	0	0	0	0	0	0	0	0	0	0	0	0	0	0	0	0	0	0	0	0	0	0	0	0	0	0	0	0	0	0	0	0	0	0	0	0	0	0	0	0	0	0	0	0	0	0	0	0	0	0	0	0	0	0	0	0	0	0	0	0	0	0	0	0	0	0	0	0	0	0	0	1914852	k__Viruses(10239);p__Viruses_u_p(10239);c__Viruses_u_c(10239);o__Caudovirales(28883);f__Myoviridae(10662);g__Vequintavirus(1914852);s__Vequintavirus_u_s(1914852);
Escherichia virus Cajan	Viruses	Viruses_u_p	Viruses_u_c	Caudovirales	Siphoviridae	Seuratvirus	Escherichia virus Cajan	0	0	0	0	0	0	0	0	0	0	0	0	0	0	0	0	0	0	0	0	585.26	0	0	0	0	0	0	0	0	0	0	0	0	0	0	0	0	0	0	0	0	0	0	0	0	0	0	0	0	0	0	0	0	0	0	0	0	0	0	0	0	0	0	0	0	0	0	0	0	0	0	0	0	0	0	0	0	0	0	0	0	0	0	0	0	0	0	0	0	0	0	0	0	0	0	0	0	0	0	0	0	0	0	0	0	0	0	0	0	0	0	0	0	0	0	0	0	0	0	0	0	0	0	0	0	0	601.04	0	0	0	0	0	0	0	0	0	0	0	0	0	0	0	0	0	0	0	0	0	0	0	0	0	0	0	0	0	0	0	0	1921554	k__Viruses(10239);p__Viruses_u_p(10239);c__Viruses_u_c(10239);o__Caudovirales(28883);f__Siphoviridae(10699);g__Seuratvirus(1921553);s__Escherichia virus Cajan(1921554);
Escherichia phage D108	Viruses	Viruses_u_p	Viruses_u_c	Caudovirales	Myoviridae	Muvirus	Escherichia phage D108	0	0	0	0	0	25.04	0	0	0	0	0	0	0	0	0	0	4.48	0	0	5.06	0	89.4	0	0	0	0	0	0	0	0	1.82	0	5.06	0	0	0	0	26.64	254.38	0	0	0	0	0	0	0	0	0	0	0	0	0	0	0	0	0	0	0	0	3.91	0	0	0	25.83	0	0	0	0	0	0	0	0	0	0	0	0	0	0	0	0	0	0	0	0	0	0	0	0	0	0	0	0	0	0	0	0	0	0	0	0	0	0	0	0	0	0	0	24.84	0	0	0	0	0	0	0	0	0	3.91	0	0	0	0	0	0	0	0	0	0	0	0	0	0	0	0	0	0	0	0	0	25.04	0	242.96	0	0	0	0	0	0	0	0	0	0	0	0	0	0	0	0	0	665033	k__Viruses(10239);p__Viruses_u_p(10239);c__Viruses_u_c(10239);o__Caudovirales(28883);f__Myoviridae(10662);g__Muvirus(186777);s__Escherichia phage D108(665033);
Escherichia virus FFH2	Viruses	Viruses_u_p	Viruses_u_c	Caudovirales	Myoviridae	Vequintavirus	Escherichia virus FFH2	0	0	0	0	0	0	0	0	0	0	0	0	0	0	0	0	0	0	0	0	0	0	0	0	0	0	0	0	0	0	0	0	0	0	0	0	0	0	0	0	0	0	0	0	0	0	0	0	0	0	0	0	0	0	0	0	0	0	0	0	0	0	0	0	0	0	0	0	0	0	0	0	0	0	0	0	0	0	0	0	0	0	0	0	0	0	0	0	0	0	0	0	0	0	0	0	0	0	0	0	0	0	0	0	0	0	0	0	0	0	0	0	0	0	0	0	0	0	0	0	0	0	0	0	0	0	0	0	0	0	0	0	0	0	0	0	0	0	0	0	0	5.51	0	0	0	0	0	0	0	0	0	0	0	0	0	0	0	0	0	1914856	k__Viruses(10239);p__Viruses_u_p(10239);c__Viruses_u_c(10239);o__Caudovirales(28883);f__Myoviridae(10662);g__Vequintavirus(1914852);s__Escherichia virus FFH2(1914856);
Escherichia virus Min27	Viruses	Viruses_u_p	Viruses_u_c	Caudovirales	Podoviridae	Traversvirus	Escherichia virus Min27	0	0	0	0	0	0	0	0	0	0	0	0	0	0	0	0	0	0	0	0	0	0	0	0	0	0	0	0	0	0	0	0	0	0	0	0	0	0	0	0	0	0	0	0	0	0	0	0	0	0	0	0	0	0	0	0	0	0	0	0	0	0	0	0	0	0	0	0	0	0	0	0	0	0	0	0	0	0	0	0	0	0	0	0	0	0	0	0	0	0	0	0	0	0	0	0	0	0	0	0	0	0	0	0	0	0	0	0	0	0	0	0	0	0	0	0	0	0	0	0	0	0	0	0	0	0	10.55	0	0	0	0	0	0	0	0	0	0	0	0	0	0	0	0	0	0	0	0	0	0	0	0	0	0	0	0	0	0	0	0	1981162	k__Viruses(10239);p__Viruses_u_p(10239);c__Viruses_u_c(10239);o__Caudovirales(28883);f__Podoviridae(10744);g__Traversvirus(1981157);s__Escherichia virus Min27(1981162);
Escherichia virus Seurat	Viruses	Viruses_u_p	Viruses_u_c	Caudovirales	Siphoviridae	Seuratvirus	Escherichia virus Seurat	0	0	0	0	0	0	0	0	0	0	0	0	0	0	0	0	0	0	0	0	348.76	0	0	0	0	0	0	0	0	0	0	0	0	0	0	0	0	0	0	0	0	0	0	0	0	0	0	0	0	0	0	0	0	0	0	0	0	0	0	0	0	0	0	0	0	0	0	0	0	0	0	0	0	0	0	0	0	0	0	0	0	0	0	0	0	0	0	0	0	0	0	0	0	0	0	0	0	0	0	0	0	0	0	0	0	0	0	0	0	0	0	0	0	0	0	0	0	0	0	0	0	0	0	0	0	0	402.43	0	0	0	0	0	0	0	0	0	0	0	0	0	0	14.63	0	0	0	0	0	0	0	0	0	0	0	0	0	0	0	0	0	1921555	k__Viruses(10239);p__Viruses_u_p(10239);c__Viruses_u_c(10239);o__Caudovirales(28883);f__Siphoviridae(10699);g__Seuratvirus(1921553);s__Escherichia virus Seurat(1921555);
Escherichia phage TL-2011b	Viruses	Viruses_u_p	Viruses_u_c	Caudovirales	Podoviridae	Uetakevirus	Escherichia phage TL-2011b	0	0	0	0	0	0	0	24.17	0	0	0	0	0	25.73	0	33.72	29.53	0	0	3.63	0	113.69	0	21.48	0	0	0	0	0	14.8	0	0	0	0	0	0	0	0	4.5	0	0	0	21.1	0	0	0	32.51	0	0	7.59	0	0	0	0	0	19.97	0	16.32	0	4.97	32.51	32.91	0	23.79	0	0	0	0	0	0	0	0	0	0	0	0	0	0	0	0	0	38.66	0	0	0	0	0	0	0	0	0	0	0	0	19.59	0	0	0	0	0	0	38.74	0	0	0	0	0	0	0	0	0	0	0	0	0	0	0	13.44	25.11	0	45.8	0	0	0	0	0	361.94	0	79.95	23.79	0	0	11.76	61.6	0	0	0	0	28.1	0	0	92.13	0	0	0	0	104.75	0	0	0	0	0	0	0	0	0	48.87	31.7	0	1124654	k__Viruses(10239);p__Viruses_u_p(10239);c__Viruses_u_c(10239);o__Caudovirales(28883);f__Podoviridae(10744);g__Uetakevirus(542960);s__Escherichia phage TL-2011b(1124654);
Escherichia virus phiV10	Viruses	Viruses_u_p	Viruses_u_c	Caudovirales	Podoviridae	Uetakevirus	Escherichia virus phiV10	0	0	0	0	0	0	0	0	0	0	0	0	0	0	0	0	0	17.5	0	139.23	0	29.78	0	0	0	0	0	0	0	0	0	0	0	0	0	0	0	0	175.68	0	0	0	0	0	0	0	0	0	0	0	0	0	0	0	0	0	0	0	0	7.89	0	0	0	0	0	0	0	0	0	0	0	0	0	0	0	0	0	0	28.07	0	0	0	0	0	0	0	0	0	0	0	0	0	0	0	0	0	0	0	0	0	0	6.53	0	0	0	0	0	0	0	0	0	0	0	0	0	0	0	0	0	0	0	0	0	0	0	0	14.73	0	0	0	0	0	0	0	4.93	0	0	0	0	13.04	0	286.88	0	0	0	0	0	0	0	0	0	0	0	0	0	0	101.88	0	0	1982579	k__Viruses(10239);p__Viruses_u_p(10239);c__Viruses_u_c(10239);o__Caudovirales(28883);f__Podoviridae(10744);g__Uetakevirus(542960);s__Escherichia virus phiV10(1982579);
Escherichia virus pro147	Viruses	Viruses_u_p	Viruses_u_c	Caudovirales	Myoviridae	Peduovirus	Escherichia virus pro147	0	0	0	0	0	7.23	0	0	3.85	0	0	0	0	213.96	0	3.41	0	0	0	0	0	0	0	0	0	0	0	0	0	0	0	0	0	0	0	0	0	2.15	11.5	0	0	0	0	0	0	5.25	0	0	0	3.41	0	0	0	16.08	0	0	0	0	0	0	0	2.55	0	0	0	0	0	0	0	0	0	0	0	0	0	0	0	0	0	0	0	0	0	0	0	0	0	0	0	2.97	0	0	0	0	1.76	0	0	0	0	0	0	0	0	0	0	0	20.28	0	0	0	0	0	0	0	0	0	0	0	0	0	0	0	0	0	0	0	200.33	0	0	0	0	0	0	0	0	0	0	0	0	0	0	3.85	0	0	0	0	2.15	0	2.97	0	0	0	0	0	0	0	2.97	0	0	2560458	k__Viruses(10239);p__Viruses_u_p(10239);c__Viruses_u_c(10239);o__Caudovirales(28883);f__Myoviridae(10662);g__Peduovirus(140410);s__Escherichia virus pro147(2560458);
Escherichia virus pro483	Viruses	Viruses_u_p	Viruses_u_c	Caudovirales	Myoviridae	Peduovirus	Escherichia virus pro483	0	0	0	0	0	5.07	0	0	0	0	0	0	0	0	0	0	0	13.87	30.51	72.37	0	0	0	0	0	0	0	0	0	0	6.89	0	0	0	0	0	0	6.89	411.3	0	0	0	0	0	0	0	6.89	0	0	10.97	0	0	0	5.07	0	0	0	4.01	0	0	0	37.38	0	0	189.12	0	0	0	0	0	0	0	0	0	0	0	0	0	0	0	0	0	0	0	0	0	0	8.51	8.51	4.01	0	0	0	0	0	0	0	0	0	0	0	5.62	0	0	53.28	0	0	0	0	0	5.07	0	0	0	0	7.62	0	0	0	0	0	0	0	0	0	0	414.81	0	0	0	0	0	0	0	0	0	0	0	0	0	0	14.69	0	0	9.88	0	17.21	0	0	0	0	4.01	0	0	0	0	2.07	26.98	0	2560459	k__Viruses(10239);p__Viruses_u_p(10239);c__Viruses_u_c(10239);o__Caudovirales(28883);f__Myoviridae(10662);g__Peduovirus(140410);s__Escherichia virus pro483(2560459);
Escherichia phage slur01	Viruses	Viruses_u_p	Viruses_u_c	Caudovirales	Siphoviridae	Seuratvirus	Escherichia phage slur01	0	0	0	0	0	0	0	0	0	0	0	0	0	0	0	0	0	0	0	0	462.84	0	0	0	0	0	0	0	0	0	0	0	0	0	0	0	0	0	0	0	0	0	0	0	0	0	0	0	0	0	0	0	0	0	0	0	0	0	0	0	0	0	0	0	0	0	0	0	0	0	0	0	0	0	0	0	0	0	0	0	0	0	0	0	0	0	0	0	0	0	0	0	0	0	0	0	0	0	0	0	0	0	0	0	0	0	0	0	0	0	0	0	0	0	0	0	0	0	0	0	0	0	0	0	0	0	443.89	0	0	0	0	0	0	0	0	0	0	0	0	0	0	0	0	0	0	0	0	0	0	0	0	0	0	0	0	0	0	0	0	1720493	k__Viruses(10239);p__Viruses_u_p(10239);c__Viruses_u_c(10239);o__Caudovirales(28883);f__Siphoviridae(10699);g__Seuratvirus(1921553);s__Escherichia phage slur01(1720493);
Escherichia virus 24B	Viruses	Viruses_u_p	Viruses_u_c	Caudovirales	Podoviridae	Traversvirus	Escherichia virus 24B	0	0	0	0	0	0	0	0	0	0	0	0	0	0	0	0	0	0	0	0	0	0	0	0	0	0	0	0	0	0	0	0	0	0	0	0	0	0	0	0	0	0	0	0	0	0	0	0	0	0	0	0	0	0	0	0	0	0	0	0	0	0	0	0	0	0	0	0	0	0	0	0	0	0	0	0	0	0	0	0	0	0	0	0	0	0	0	0	0	0	0	0	0	0	0	0	0	0	0	0	0	0	0	0	0	0	0	0	0	0	0	0	0	0	0	0	0	0	0	0	0	0	0	0	0	0	6.54	0	0	0	0	0	0	0	0	0	0	0	0	0	0	0	0	0	0	0	0	0	0	0	0	0	0	0	0	0	0	0	0	1981160	k__Viruses(10239);p__Viruses_u_p(10239);c__Viruses_u_c(10239);o__Caudovirales(28883);f__Podoviridae(10744);g__Traversvirus(1981157);s__Escherichia virus 24B(1981160);
Escherichia virus 186	Viruses	Viruses_u_p	Viruses_u_c	Caudovirales	Myoviridae	Peduovirus	Escherichia virus 186	0	0	0	0	0	0	0	0	0	0	0	0	0	0	0	0	0	0	0	0	0	0	0	0	0	0	0	0	0	0	0	0	0	0	0	0	0	0	0	0	0	0	0	0	0	0	0	0	0	0	0	0	0	0	0	0	0	0	0	0	0	0	0	0	0	0	0	0	0	0	0	0	0	0	0	0	0	0	0	0	0	0	0	0	0	0	0	0	0	0	0	0	0	0	0	0	0	0	0	0	0	0	0	0	0	0	0	0	0	0	0	0	0	0	0	0	0	0	0	0	0	0	0	0	0	0	106.68	0	0	0	0	0	0	0	0	0	0	0	0	0	0	0	0	0	0	0	0	0	0	0	0	0	0	0	0	0	0	0	0	29252	k__Viruses(10239);p__Viruses_u_p(10239);c__Viruses_u_c(10239);o__Caudovirales(28883);f__Myoviridae(10662);g__Peduovirus(140410);s__Escherichia virus 186(29252);
Escherichia virus HK022	Viruses	Viruses_u_p	Viruses_u_c	Caudovirales	Siphoviridae	Hendrixvirus	Escherichia virus HK022	0	0	0	0	0	0	0	0	0	0	0	0	0	0	0	0	0	0	0	0	0	0	0	0	0	0	0	0	0	0	0	0	0	0	0	0	0	0	0	0	0	0	0	0	73.2	0	31.22	0	0	0	0	0	0	0	12.43	0	0	0	0	0	0	0	0	0	0	0	0	0	0	0	0	0	0	0	0	0	0	0	0	0	0	0	0	0	0	0	0	0	0	0	0	0	0	0	0	0	0	0	0	0	0	0	0	0	0	0	0	0	0	0	0	0	0	0	0	0	0	0	0	0	9.12	0	0	0	0	0	1784.54	0	0	0	0	0	0	0	0	0	0	0	0	0	0	0	0	0	63.87	0	0	0	0	0	0	0	0	0	0	0	0	0	0	10742	k__Viruses(10239);p__Viruses_u_p(10239);c__Viruses_u_c(10239);o__Caudovirales(28883);f__Siphoviridae(10699);g__Hendrixvirus(2169654);s__Escherichia virus HK022(10742);
Escherichia virus HK97	Viruses	Viruses_u_p	Viruses_u_c	Caudovirales	Siphoviridae	Hendrixvirus	Escherichia virus HK97	0	0	0	0	0	0	0	0	0	0	0	0	0	0	0	0	0	16.02	0	0	0	0	0	0	0	0	0	0	0	0	0	0	0	0	0	0	0	0	13.86	0	0	0	0	0	0	16.57	0	0	0	0	0	0	0	0	0	0	0	0	0	0	0	0	0	0	16.57	0	0	0	0	0	0	0	0	0	0	0	0	0	0	0	0	0	0	0	0	0	0	0	0	0	0	0	0	0	0	0	0	0	0	0	0	0	0	0	0	0	0	0	0	0	0	0	0	0	0	0	0	0	0	0	0	0	0	0	0	0	1262.29	0	0	0	0	0	0	0	0	0	0	0	0	0	0	0	0	0	0	0	0	0	0	0	0	0	0	0	0	0	0	0	0	37554	k__Viruses(10239);p__Viruses_u_p(10239);c__Viruses_u_c(10239);o__Caudovirales(28883);f__Siphoviridae(10699);g__Hendrixvirus(2169654);s__Escherichia virus HK97(37554);
Escherichia virus K1-5	Viruses	Viruses_u_p	Viruses_u_c	Caudovirales	Autographiviridae	Zindervirus	Escherichia virus K1-5	0	0	0	0	0	0	0	0	0	0	0	0	0	0	0	0	0	0	0	28.45	0	0	0	0	0	0	0	0	0	0	0	0	0	0	0	0	0	0	0	0	0	0	0	0	0	0	0	0	0	0	0	0	0	0	0	0	0	0	0	0	0	0	0	0	0	0	0	0	0	0	0	0	0	0	0	0	0	0	0	0	0	0	0	0	0	0	0	0	0	0	0	0	0	0	0	0	0	0	0	0	0	0	0	0	0	0	0	0	0	0	0	0	0	0	0	0	0	0	0	0	0	0	0	0	0	0	0	0	0	0	0	0	0	0	0	0	0	0	0	0	0	0	0	0	0	0	0	0	0	0	0	0	0	0	0	0	0	0	0	187764	k__Viruses(10239);p__Viruses_u_p(10239);c__Viruses_u_c(10239);o__Caudovirales(28883);f__Autographiviridae(2731643);g__Zindervirus(542837);s__Escherichia virus K1-5(187764);
Escherichia virus K1E	Viruses	Viruses_u_p	Viruses_u_c	Caudovirales	Autographiviridae	Zindervirus	Escherichia virus K1E	0	0	0	0	0	0	0	0	0	0	0	0	0	0	0	0	0	0	0	5.48	0	0	0	0	0	0	0	0	0	0	0	0	0	0	0	0	0	0	0	0	0	0	0	0	0	0	0	0	0	0	0	0	0	0	0	0	0	0	0	0	0	0	0	0	0	0	0	0	0	0	0	0	0	0	0	0	0	0	0	0	0	0	0	0	0	0	0	0	0	0	0	0	0	0	0	0	0	0	0	0	0	0	0	0	0	0	0	0	0	0	0	0	0	0	0	0	0	0	0	0	0	0	0	0	0	0	0	0	0	0	0	0	0	0	0	0	0	0	0	0	0	0	0	0	0	0	0	0	0	0	0	0	0	0	0	0	0	0	0	344022	k__Viruses(10239);p__Viruses_u_p(10239);c__Viruses_u_c(10239);o__Caudovirales(28883);f__Autographiviridae(2731643);g__Zindervirus(542837);s__Escherichia virus K1E(344022);
Escherichia virus P2	Viruses	Viruses_u_p	Viruses_u_c	Caudovirales	Myoviridae	Peduovirus	Escherichia virus P2	6.4	0	2.82	0	0	213.18	0	0	40.5	0	0	0	0	7.49	0	8.15	0	164.64	15.52	5.15	0	0	0	0	0	0	0	0	0	0	11.14	0	8.6	0	0	5.15	0	2.46	324.84	0	0	0	0	0	0	0	0	3.19	13.91	0	0	0	0	105.66	0	0	0	0	0	0	0	0	0	0	8.15	0	0	0	0	0	0	0	0	0	0	0	0	0	0	73.88	129.51	0	0	0	0	0	0	3.47	9.74	4.74	0	0	0	0	0	0	0	0	0	0	0	2.82	0	0	2.82	0	0	0	0	0	0	0	0	0	0	93.96	0	0	0	0	41.81	0	0	0	7.27	0	972.05	0	6.4	0	0	0	0	22.88	0	0	0	0	0	0	0	0	0	0	0	10.43	12.81	0	19.34	0	0	0	0	0	0	0	1.78	0	0	10679	k__Viruses(10239);p__Viruses_u_p(10239);c__Viruses_u_c(10239);o__Caudovirales(28883);f__Myoviridae(10662);g__Peduovirus(140410);s__Escherichia virus P2(10679);
Escherichia virus Wphi	Viruses	Viruses_u_p	Viruses_u_c	Caudovirales	Myoviridae	Peduovirus	Escherichia virus Wphi	4.51	0	0	0	0	1.95	0	0	3.77	0	0	0	0	17.14	0	0	0	4.39	3.29	0	0	0	0	0	0	0	0	0	0	0	0	0	0	0	0	17.14	0	8	190.13	0	0	0	0	0	0	0	0	0	0	0	0	0	0	2.16	0	0	0	0	0	0	0	4.26	0	0	0	0	0	0	0	0	0	0	0	0	0	0	0	0	0	0	0	0	0	0	0	0	0	0	7.16	17.79	0	0	0	0	0	0	0	0	0	0	0	0	0	0	0	0	0	0	0	0	0	0	0	34.63	0	2.38	0	0	0	0	0	0	0	0	0	0	152.87	0	0	36.94	0	0	0	0	0	0	0	0	0	0	0	6.88	0	0	0	0	8.85	0	0	0	0	0	0	0	0	0	0	1.95	0	103216	k__Viruses(10239);p__Viruses_u_p(10239);c__Viruses_u_c(10239);o__Caudovirales(28883);f__Myoviridae(10662);g__Peduovirus(140410);s__Escherichia virus Wphi(103216);
Lactobacillus phage LfeSau	Viruses	Viruses_u_p	Viruses_u_c	Caudovirales	Siphoviridae	Siphoviridae_u_g	Lactobacillus phage LfeSau	0	0	0	0	0	0	0	0	0	0	0	0	0	0	0	0	0	0	0	4.93	0	0	0	0	0	0	0	0	0	0	0	0	0	0	0	0	0	0	0	0	0	0	0	0	0	0	0	0	0	0	0	0	0	0	0	0	0	0	0	0	0	0	0	0	0	0	0	0	0	0	0	0	0	0	0	0	0	0	0	0	0	0	0	0	0	0	0	0	0	0	0	0	0	0	0	0	0	0	0	0	0	0	0	0	0	0	0	0	0	0	0	0	0	0	0	0	0	0	0	0	0	0	0	0	0	0	0	0	0	0	0	0	0	0	0	0	0	0	0	0	0	0	0	0	0	0	0	0	0	0	0	0	0	0	0	0	0	0	0	1567453	k__Viruses(10239);p__Viruses_u_p(10239);c__Viruses_u_c(10239);o__Caudovirales(28883);f__Siphoviridae(10699);g__Siphoviridae_u_g(10699);s__Lactobacillus phage LfeSau(1567453);
Lactobacillus phage Lrm1	Viruses	Viruses_u_p	Viruses_u_c	Caudovirales	Siphoviridae	Siphoviridae_u_g	Lactobacillus phage Lrm1	0	0	0	0	0	0	0	0	0	0	0	0	0	4.66	0	0	0	0	0	0	0	0	0	0	0	0	0	0	0	0	0	0	0	0	0	0	0	0	0	0	0	0	0	0	0	0	0	0	0	0	0	0	0	0	0	0	0	0	0	0	0	0	0	0	0	0	0	0	0	0	0	0	0	0	0	0	0	0	0	0	0	0	0	0	0	0	0	0	0	0	0	0	0	0	0	0	0	0	0	0	0	0	0	0	0	0	0	0	0	0	0	0	0	0	0	0	0	0	0	0	0	0	0	0	0	0	0	0	0	0	0	0	0	0	0	0	0	0	0	0	0	0	0	0	0	0	0	0	0	0	0	0	0	0	0	0	0	0	0	496874	k__Viruses(10239);p__Viruses_u_p(10239);c__Viruses_u_c(10239);o__Caudovirales(28883);f__Siphoviridae(10699);g__Siphoviridae_u_g(10699);s__Lactobacillus phage Lrm1(496874);
Lactobacillus phage iA2	Viruses	Viruses_u_p	Viruses_u_c	Caudovirales	Siphoviridae	Siphoviridae_u_g	Lactobacillus phage iA2	0	0	0	0	0	0	0	0	0	0	0	0	0	0	0	0	0	0	0	30.95	0	0	0	0	0	0	0	0	0	0	0	0	0	0	0	0	0	0	0	0	0	0	0	0	0	0	0	0	0	0	0	0	0	0	0	0	0	0	0	0	0	0	0	0	0	0	0	0	0	0	0	0	0	0	0	0	0	0	0	0	0	0	0	0	0	0	0	0	0	0	0	0	0	0	23.63	0	0	0	0	0	0	0	0	0	0	0	0	0	0	0	0	0	0	0	0	0	0	0	0	0	0	0	0	0	0	0	0	0	0	0	0	0	0	0	0	0	0	0	0	0	0	0	0	0	0	0	0	0	0	0	0	0	0	0	0	0	0	0	0	1739609	k__Viruses(10239);p__Viruses_u_p(10239);c__Viruses_u_c(10239);o__Caudovirales(28883);f__Siphoviridae(10699);g__Siphoviridae_u_g(10699);s__Lactobacillus phage iA2(1739609);
Lactobacillus phage phiAT3	Viruses	Viruses_u_p	Viruses_u_c	Caudovirales	Siphoviridae	Siphoviridae_u_g	Lactobacillus phage phiAT3	0	15.48	0	15.21	0	0	0	7.31	0	27.03	0	0	0	0	0	0	18.76	0	15.48	0	0	0	0	19.32	0	0	4.12	0	0	0	0	0	0	0	0	0	0	0	0	0	0	0	0	0	0	0	0	0	0	0	0	0	0	0	19.59	0	4.99	0	0	0	0	0	0	0	0	0	0	0	0	0	0	0	0	25.36	0	0	0	0	0	0	0	35.77	0	0	0	19.87	0	0	0	0	5.45	0	4.77	0	0	0	0	0	0	0	0	0	0	0	0	0	0	0	0	0	0	6.83	0	0	0	0	0	0	0	0	0	0	0	0	0	0	0	0	0	0	0	0	0	0	0	0	0	0	29.76	0	0	0	0	0	0	0	0	0	0	12.31	0	0	0	0	0	0	0	0	0	279281	k__Viruses(10239);p__Viruses_u_p(10239);c__Viruses_u_c(10239);o__Caudovirales(28883);f__Siphoviridae(10699);g__Siphoviridae_u_g(10699);s__Lactobacillus phage phiAT3(279281);
Lactococcus phage Tuc2009	Viruses	Viruses_u_p	Viruses_u_c	Caudovirales	Siphoviridae	Siphoviridae_u_g	Lactococcus phage Tuc2009	0	0	0	0	0	0	0	0	0	0	0	0	0	0	0	0	0	0	0	0	0	0	0	0	0	0	0	0	0	0	0	0	0	0	0	0	0	0	0	0	0	0	0	0	0	0	0	0	0	0	0	0	0	0	0	0	0	0	0	3.95	0	0	0	0	0	0	0	0	0	0	0	0	0	0	0	0	0	0	0	0	0	0	0	0	0	0	0	0	0	0	0	0	0	0	0	0	0	0	0	0	0	0	0	0	0	0	0	0	0	0	0	0	0	0	0	0	0	0	0	0	0	0	0	0	0	0	0	0	0	0	0	0	0	0	0	0	0	0	0	0	0	0	0	0	0	0	0	0	0	0	0	0	0	0	0	0	0	0	0	35241	k__Viruses(10239);p__Viruses_u_p(10239);c__Viruses_u_c(10239);o__Caudovirales(28883);f__Siphoviridae(10699);g__Siphoviridae_u_g(10699);s__Lactococcus phage Tuc2009(35241);
Mycobacterium phage Enkosi	Viruses	Viruses_u_p	Viruses_u_c	Caudovirales	Siphoviridae	Timquatrovirus	Mycobacterium phage Enkosi	0	0	0	0	0	0	0	0	0	0	0	0	0	0	0	0	0	0	0	0	0	0	0	0	0	0	0	0	0	0	0	0	0	0	2.75	0	0	0	0	0	0	0	0	0	0	0	0	0	0	13.43	0	0	0	0	0	0	0	0	0	0	0	0	0	0	0	0	0	0	0	0	0	0	0	0	0	0	0	0	0	0	0	0	0	0	0	0	0	0	0	0	0	0	0	0	0	0	0	0	0	0	0	0	0	0	0	0	0	0	0	0	0	0	0	0	0	0	0	0	0	0	0	0	0	0	0	0	0	0	0	0	0	0	0	0	0	0	0	0	0	0	0	0	0	0	0	0	0	0	0	0	0	0	0	0	0	0	0	0	0	1698709	k__Viruses(10239);p__Viruses_u_p(10239);c__Viruses_u_c(10239);o__Caudovirales(28883);f__Siphoviridae(10699);g__Timquatrovirus(1623306);s__Mycobacterium phage Enkosi(1698709);
Seunavirus_u_s	Viruses	Viruses_u_p	Viruses_u_c	Caudovirales	Myoviridae	Seunavirus	Seunavirus_u_s	0	0	0	0	0	0	0	0	0	0	0	0	0	0	0	0	0	0	0	5.3	0	0.74	0	0	0	0	0	0	0	0	0	0	0	0	0	0	0	0	0	0	0	0	0	0	0	0	0	0	10.52	0	0	0	0	0	0	0	0	0	0	0	0	0	0	0	0	0	0	0	0	4.83	0	0	0	0	0	0	0	0	7.42	0	0	0	0	0	0	0	0	0	0	0	0	0	0	0	0	0	0	0	0	0	0	0	0	0	0	0	0	0	0	0	0	0	0	0	0	0	0	0	1.32	0	0	0	0	0	0	0	0	0	0	0	0	0	0	0	0	0	0	0	0	0	0	0	0	0	0	0	0	0	0	0	0	0	0	0	0	0	0	0	0	1914851	k__Viruses(10239);p__Viruses_u_p(10239);c__Viruses_u_c(10239);o__Caudovirales(28883);f__Myoviridae(10662);g__Seunavirus(1914851);s__Seunavirus_u_s(1914851);
Salmonella phage BP12B	Viruses	Viruses_u_p	Viruses_u_c	Caudovirales	Autographiviridae	Zindervirus	Salmonella phage BP12B	0	0	0	0	0	0	0	0	0	0	0	0	0	0	0	0	0	0	0	4.34	0	0	0	0	0	0	0	0	0	0	0	0	0	0	0	0	0	0	0	0	0	0	0	0	0	0	0	0	0	0	0	0	0	0	0	0	0	0	0	0	0	0	0	0	0	0	0	0	0	0	0	0	0	0	0	0	0	0	0	0	0	0	0	0	0	0	0	0	0	0	0	0	0	0	0	0	0	0	0	0	0	0	0	0	0	0	0	0	0	0	0	0	0	0	0	0	0	0	0	0	0	0	0	0	0	0	0	0	0	0	0	0	0	0	0	0	0	0	0	0	0	0	0	0	0	0	0	0	0	0	0	0	0	0	0	0	0	0	0	1543201	k__Viruses(10239);p__Viruses_u_p(10239);c__Viruses_u_c(10239);o__Caudovirales(28883);f__Autographiviridae(2731643);g__Zindervirus(542837);s__Salmonella phage BP12B(1543201);
Salmonella virus FSLSP004	Viruses	Viruses_u_p	Viruses_u_c	Caudovirales	Myoviridae	Peduovirus	Salmonella virus FSLSP004	0	0	0	0	0	0	0	0	0	67.32	0	0	0	0	0	0	0	18.88	0	0	0	0	0	0	0	0	0	0	0	0	0	0	8.59	0	0	0	0	0	147.95	0	0	0	0	0	0	0	2.92	0	0	0	0	0	0	0	0	0	0	0	28.4	0	0	4.55	0	0	0	0	0	0	0	0	0	0	0	0	0	0	0	0	0	0	2.06	0	0	0	0	0	0	0	0	0	0	0	0	0	0	0	0	0	0	0	0	0	0	0	0	0	0	0	0	0	0	0	0	0	0	0	0	0	0	0	0	0	0	0	0	0	32.16	0	0	0	0	0	0	0	0	0	0	0	0	0	0	0	0	0	0	0	0	0	0	0	0	0	0	0	0	0	0	0	0	2560726	k__Viruses(10239);p__Viruses_u_p(10239);c__Viruses_u_c(10239);o__Caudovirales(28883);f__Myoviridae(10662);g__Peduovirus(140410);s__Salmonella virus FSLSP004(2560726);
Salmonella virus SP31	Viruses	Viruses_u_p	Viruses_u_c	Caudovirales	Siphoviridae	Cornellvirus	Salmonella virus SP31	0	0	0	0	0	0	0	0	0	0	0	0	0	0	0	0	0	0	0	0	0	0	0	0	0	0	0	0	0	0	0	0	0	0	0	0	0	0	0	0	0	0	0	0	0	0	0	0	0	0	0	0	0	0	0	0	0	0	0	0	0	0	0	0	0	0	0	0	0	0	0	0	0	0	0	0	0	0	0	0	0	0	0	0	0	0	0	0	4.13	0	0	0	0	0	0	0	0	0	0	0	0	0	0	0	0	0	0	0	0	0	0	0	0	0	0	0	0	0	0	0	0	0	0	0	0	0	0	0	0	0	0	0	0	0	0	0	0	0	0	0	0	0	0	0	0	0	0	0	0	0	0	0	0	0	0	0	0	0	0	1911006	k__Viruses(10239);p__Viruses_u_p(10239);c__Viruses_u_c(10239);o__Caudovirales(28883);f__Siphoviridae(10699);g__Cornellvirus(1910993);s__Salmonella virus SP31(1911006);
Salmonella phage RE-2010	Viruses	Viruses_u_p	Viruses_u_c	Caudovirales	Myoviridae	Peduovirus	Salmonella phage RE-2010	0	8.68	0	0	0	16.38	2.45	67.04	0	0	0	0	0	12.75	0	0	0	2.66	0	10.21	23.62	38.76	0	6.38	0	0	0	0	0	0	0	0	0	0	0	0	0	0	17.54	0	0	0	0	0	0	0	40.49	0	0	0	0	0	0	0	0	0	0	0	0	10.61	0	2.66	0	0	0	0	0	0	0	0	22.4	0	0	0	0	0	0	0	0	4.68	0	6.13	0	0	0	0	0	9.47	0	15.22	0	0	0	0	0	0	0	0	10.28	0	0	27.89	0	0	24.7	0	0	0	0	0	0	0	0	0	0	0	0	0	0	0	0	0	5.1	0	0	0	229.12	0	0	42.82	0	0	0	11.5	0	6.26	0	0	0	0	0	14.86	0	0	11.36	0	40.32	0	0	0	0	0	0	0	0	0	0	18.28	0	929814	k__Viruses(10239);p__Viruses_u_p(10239);c__Viruses_u_c(10239);o__Caudovirales(28883);f__Myoviridae(10662);g__Peduovirus(140410);s__Salmonella phage RE-2010(929814);
Salmonella phage SEN1	Viruses	Viruses_u_p	Viruses_u_c	Caudovirales	Myoviridae	Peduovirus	Salmonella phage SEN1	0	0	0	0	0	0	0	0	0	0	0	0	0	0	0	0	0	0	0	0	0	0	0	0	0	0	0	0	0	0	0	0	0	0	0	0	0	0	0	0	0	0	0	0	0	0	0	0	0	0	0	0	0	0	0	0	0	0	0	0	0	0	0	0	0	0	0	0	0	0	0	0	0	0	0	0	0	0	0	0	0	0	0	0	0	0	0	0	0	0	0	0	0	0	0	0	0	0	0	0	0	0	0	0	0	0	0	0	0	0	0	0	0	0	0	0	0	0	0	0	0	0	0	0	0	0	146.79	0	0	0	0	0	0	0	0	0	0	0	0	0	0	0	0	0	0	0	0	0	0	0	0	0	0	0	0	0	0	0	0	1647455	k__Viruses(10239);p__Viruses_u_p(10239);c__Viruses_u_c(10239);o__Caudovirales(28883);f__Myoviridae(10662);g__Peduovirus(140410);s__Salmonella phage SEN1(1647455);
Salmonella virus SJ46	Viruses	Viruses_u_p	Viruses_u_c	Caudovirales	Myoviridae	Punavirus	Salmonella virus SJ46	0	0	0	0	0	42.26	0	0	0	0	0	0	0	0	0	0	3.18	0	0	0	0	0	0	0	0	0	20.85	0	0	0	0	0	0	0	0	0	0	11.74	88.75	0	0	0	6.51	0	4.88	0	51.09	0	0	0	0	0	0	0	0	0	0	0	0	0	0	0	0	0	0	0	30.59	0	0	0	5.04	0	0	0	0	0	0	0	0	7.52	2.89	0	4.72	0	0	0	0	0	0	0	0	0	0	6.01	11.42	0	0	0	13.64	0	0	0	0	0	253.46	0	0	0	0	3.33	0	0	0	0	0	0	0	0	0	0	0	0	0	0	0	0	13.08	0	0	0	0	0	0	47.68	0	0	0	0	14.77	0	0	0	0	0	11.51	0	94.69	0	0	0	0	6.26	0	0	0	0	0	30.01	0	2560732	k__Viruses(10239);p__Viruses_u_p(10239);c__Viruses_u_c(10239);o__Caudovirales(28883);f__Myoviridae(10662);g__Punavirus(186789);s__Salmonella virus SJ46(2560732);
Salmonella virus SPN3US	Viruses	Viruses_u_p	Viruses_u_c	Caudovirales	Myoviridae	Seoulvirus	Salmonella virus SPN3US	0	0	0	0	0	0	0	0	0	0	0	0	0	4.43	0	0	0	0	0	0	0	0	0	0	0	0	0	0	0	0	0	0	0	0	0	0	0	0	0	0	0	0	0	0	0	0	0	0	0	0	0	0	0	18.74	0	0	0	0	0	0	0	0	0	0	0	0	0	0	0	0	0	0	0	0	0	0	0	0	0	0	0	0	0	0	0	0	0	0	0	0	0	0	0	0	0	0	0	0	0	0	0	0	0	0	0	0	0	0	0	0	0	0	0	0	0	0	0	0	0	0	0	0	0	6.34	0	0	0	0	0	0	0	0	0	0	0	0	0	0	0	0	0	0	0	0	0	0	0	0	0	0	0	0	0	0	0	0	0	0	0	1984796	k__Viruses(10239);p__Viruses_u_p(10239);c__Viruses_u_c(10239);o__Caudovirales(28883);f__Myoviridae(10662);g__Seoulvirus(1980929);s__Salmonella virus SPN3US(1984796);
Salmonella phage g341c	Viruses	Viruses_u_p	Viruses_u_c	Caudovirales	Podoviridae	Lederbergvirus	Salmonella phage g341c	0	0	0	0	0	0	0	0	0	0	0	0	0	0	0	0	0	0	0	0	0	0	0	0	0	0	0	0	0	0	0	0	0	0	0	0	0	0	0	0	0	0	0	0	0	0	0	0	0	0	0	0	0	0	0	0	0	0	0	0	0	0	0	0	0	0	0	0	0	0	0	0	0	0	0	0	0	0	0	0	0	0	0	0	0	0	0	0	0	0	0	0	0	0	0	0	0	0	0	0	0	0	0	0	0	0	0	0	0	0	0	0	0	0	0	0	0	0	0	0	0	0	0	0	0	0	0	0	0	0	0	0	0	0	0	0	0	0	0	0	0	7.56	0	0	0	0	0	0	0	0	0	0	0	0	0	0	0	0	0	590739	k__Viruses(10239);p__Viruses_u_p(10239);c__Viruses_u_c(10239);o__Caudovirales(28883);f__Podoviridae(10744);g__Lederbergvirus(186794);s__Salmonella phage g341c(590739);
Salmonella phage vB_SemP_Emek	Viruses	Viruses_u_p	Viruses_u_c	Caudovirales	Podoviridae	Lederbergvirus	Salmonella phage vB_SemP_Emek	0	0	0	0	0	0	0	10.55	0	0	0	0	0	0	0	0	0	0	0	0	0	0	0	0	0	0	0	0	0	0	0	0	0	0	0	0	0	0	0	0	0	0	0	0	0	0	0	0	0	0	0	0	0	3.45	0	0	0	0	0	0	0	3.08	0	0	0	0	0	0	0	0	0	0	0	0	0	0	0	0	0	0	0	0	0	0	0	0	0	8.32	0	0	0	0	0	0	0	0	0	0	0	0	0	0	0	0	0	0	0	0	0	0	0	0	0	0	0	0	0	0	0	0	0	0	0	0	0	0	51.86	0	0	0	0	0	0	45.03	0	32.8	0	0	0	0	0	0	0	0	0	0	0	0	0	0	0	0	0	0	0	0	0	0	0	1168548	k__Viruses(10239);p__Viruses_u_p(10239);c__Viruses_u_c(10239);o__Caudovirales(28883);f__Podoviridae(10744);g__Lederbergvirus(186794);s__Salmonella phage vB_SemP_Emek(1168548);
Salmonella virus HK620	Viruses	Viruses_u_p	Viruses_u_c	Caudovirales	Podoviridae	Lederbergvirus	Salmonella virus HK620	0	0	0	0	0	0	0	0	0	0	0	0	0	0	12.29	0	0	0	0	0	0	0	0	0	0	0	0	0	0	0	0	0	0	0	0	0	0	0	0	0	0	0	0	0	0	0	0	0	0	0	0	0	0	11.02	0	0	0	0	0	0	0	0	0	0	0	0	0	0	0	0	0	0	0	0	0	0	0	0	0	0	0	0	0	0	0	0	0	0	0	0	0	0	0	27.07	0	0	0	0	0	0	0	9.23	0	0	5.35	0	0	3.03	0	0	0	0	0	0	0	0	0	0	0	0	0	0	0	0	0	0	2555.17	0	0	0	0	0	0	6.86	0	0	0	0	0	0	64.67	0	0	0	0	17.91	7.9	0	0	0	0	0	0	0	0	0	0	0	0	155148	k__Viruses(10239);p__Viruses_u_p(10239);c__Viruses_u_c(10239);o__Caudovirales(28883);f__Podoviridae(10744);g__Lederbergvirus(186794);s__Salmonella virus HK620(155148);
Salmonella virus PsP3	Viruses	Viruses_u_p	Viruses_u_c	Caudovirales	Myoviridae	Peduovirus	Salmonella virus PsP3	0	0	0	0	0	0	0	0	0	0	0	0	0	0	0	0	0	0	0	0	0	0	0	0	0	0	0	0	0	0	0	0	0	0	0	0	0	0	0	0	0	0	0	0	0	0	0	0	0	0	0	0	0	0	0	0	0	0	0	0	0	0	0	0	0	0	0	0	0	0	0	0	0	0	0	0	0	0	0	0	0	0	0	0	0	0	0	0	0	0	0	0	0	0	0	0	0	0	0	0	0	0	0	0	0	0	0	0	0	0	0	0	0	0	0	0	0	0	0	0	0	0	0	0	0	0	26.59	0	0	0	0	0	0	0	0	0	0	0	0	0	0	0	0	0	0	0	0	0	0	0	0	0	0	0	0	0	0	0	0	12407	k__Viruses(10239);p__Viruses_u_p(10239);c__Viruses_u_c(10239);o__Caudovirales(28883);f__Myoviridae(10662);g__Peduovirus(140410);s__Salmonella virus PsP3(12407);
Shigella phage SfII	Viruses	Viruses_u_p	Viruses_u_c	Caudovirales	Myoviridae	Myoviridae_u_g	Shigella phage SfII	8.13	0	0	0	0	0	3.19	0	0	0	0	0	6.46	0	0	1.68	0	10.54	0	0	0	10.87	0	9.43	0	0	0	8.13	0	0	29.93	0	0	0	5.66	0	0	7.71	7.08	0	0	0	0	0	0	0	6.46	0	0	0	0	0	0	0	0	0	0	0	0	0	0	3.37	0	0	16.71	70.42	20.27	0	0	2.33	0	0	0	0	0	0	0	0	0	0	0	0	0	0	0	0	0	0	0	0	0	0	0	0	0	0	0	0	0	0	0	5.06	0	0	0	0	0	0	0	0	0	0	0	0	0	0	0	0	0	0	6.87	0	17.32	0	4.11	0	621.62	0	0	0	0	0	0	0	0	0	0	0	0	0	0	2.75	0	0	5.86	0	0	0	0	0	0	0	0	0	0	0	0	0	0	66284	k__Viruses(10239);p__Viruses_u_p(10239);c__Viruses_u_c(10239);o__Caudovirales(28883);f__Myoviridae(10662);g__Myoviridae_u_g(10662);s__Shigella phage SfII(66284);
Shigella phage SfIV	Viruses	Viruses_u_p	Viruses_u_c	Caudovirales	Myoviridae	Myoviridae_u_g	Shigella phage SfIV	24.53	0	0	0	0	6.82	0	0	0	63.62	0	0	0	138.07	0	10.36	0	18.92	0	0	3.6	0	2.9	20.97	0	0	11.23	0	0	0	33.47	0	138.86	0	0	0	0	5.83	17.97	7.73	0	0	8.87	0	4.5	0	12	0	0	3.42	0	0	0	22.43	0	0	0	4.32	0	0	0	0	0	0	2.65	0	81.2	0	28.44	0	73.34	0	0	0	0	0	0	0	0	0	0	3.07	0	0	0	0	0	0	0	0	0	0	0	0	0	0	0	0	0	0	0	0	0	0	16.91	0	0	0	0	0	0	0	0	0	0	13	0	0	0	0	0	0	0	0	0	0	660.47	0	0	0	0	0	0	3.25	0	0	0	0	0	0	0	33.34	0	0	31.39	0	11.01	0	0	0	0	0	4.69	0	0	0	0	0	0	1407493	k__Viruses(10239);p__Viruses_u_p(10239);c__Viruses_u_c(10239);o__Caudovirales(28883);f__Myoviridae(10662);g__Myoviridae_u_g(10662);s__Shigella phage SfIV(1407493);
Shigella virus SfMu	Viruses	Viruses_u_p	Viruses_u_c	Caudovirales	Myoviridae	Muvirus	Shigella virus SfMu	0	0	0	0	0	0	0	0	0	0	0	0	0	0	0	0	0	14.4	0	6.72	0	6.25	0	4.88	0	7.2	0	0	0	0	0	0	7.68	0	0	0	0	24.08	165.17	0	0	0	0	0	0	0	0	0	0	0	0	0	0	0	0	1.64	0	0	0	0	0	0	0	4	0	0	0	0	0	0	0	0	0	12.25	0	0	0	0	0	0	0	0	0	0	0	0	0	0	0	0	0	0	0	0	0	0	0	0	2.28	0	0	0	0	0	0	0	0	0	0	0	0	0	0	0	0	0	0	0	0	0	0	0	0	0	0	0	0	0	0	0	0	0	0	0	8.66	0	0	0	0	0	1.64	222.78	0	0	0	0	0	0	0	0	0	0	0	0	0	0	0	0	0	1980943	k__Viruses(10239);p__Viruses_u_p(10239);c__Viruses_u_c(10239);o__Caudovirales(28883);f__Myoviridae(10662);g__Muvirus(186777);s__Shigella virus SfMu(1980943);
Shigella virus Sf6	Viruses	Viruses_u_p	Viruses_u_c	Caudovirales	Podoviridae	Lederbergvirus	Shigella virus Sf6	0	0	0	0	0	20.92	0	0	0	25.22	0	0	0	29.8	23.72	0	0	0	15.09	0	0	0	0	0	0	0	0	0	0	0	0	0	0	0	0	0	0	0	6.79	0	0	0	0	0	0	0	31.35	0	0	6.08	0	0	0	3.2	21.51	0	0	0	0	0	0	0	0	0	0	0	0	0	0	0	7.88	0	0	0	0	0	0	0	0	0	0	0	0	0	0	0	0	0	0	0	0	0	0	4.48	0	3.62	0	0	0	0	0	12.91	0	0	82.32	0	0	0	0	0	0	0	6.67	0	0	0	0	0	0	0	0	0	0	0	0	0	10259.66	0	0	0	0	0	0	9.25	0	3.83	0	0	0	0	20.92	3.62	0	0	0	0	7.27	5.73	0	0	0	0	0	0	0	0	0	5.38	0	10761	k__Viruses(10239);p__Viruses_u_p(10239);c__Viruses_u_c(10239);o__Caudovirales(28883);f__Podoviridae(10744);g__Lederbergvirus(186794);s__Shigella virus Sf6(10761);
Streptococcus phage 20617	Viruses	Viruses_u_p	Viruses_u_c	Caudovirales	Siphoviridae	Brussowvirus	Streptococcus phage 20617	0	0	0	0	0	0	0	0	0	0	0	0	0	0	0	0	6.35	0	0	0	0	0	0	0	0	0	0	0	0	0	0	0	0	0	0	0	0	0	0	0	0	0	0	0	0	0	0	0	0	0	0	0	0	0	0	0	0	0	0	0	0	0	0	0	0	0	0	0	0	0	0	0	0	0	0	0	0	0	0	0	0	0	0	0	0	0	0	0	0	0	0	0	0	0	0	0	0	0	0	0	0	0	0	0	0	0	0	0	0	0	0	0	0	0	0	0	0	0	0	0	0	0	0	0	0	0	0	0	0	0	0	0	0	0	0	0	0	0	0	0	0	0	0	0	0	0	0	0	0	0	0	0	0	0	0	0	0	0	0	1392231	k__Viruses(10239);p__Viruses_u_p(10239);c__Viruses_u_c(10239);o__Caudovirales(28883);f__Siphoviridae(10699);g__Brussowvirus(1623303);s__Streptococcus phage 20617(1392231);
Stx2-converting phage 1717	Viruses	Viruses_u_p	Viruses_u_c	Caudovirales	Siphoviridae	Siphoviridae_u_g	Stx2-converting phage 1717	0	22.6	0	0	0	7.57	0	0	44.52	0	0	0	0	68.88	0	0	0	238.71	25.24	0	9	67.25	0	10.25	25.77	0	0	0	0	0	11.64	0	0	0	26.44	0	0	0	154.11	31.49	9.34	0	0	0	0	0	0	2.42	0	3.5	0	0	0	53.19	0	0	58.6	0	3.31	0	0	0	0	0	0	0	0	0	0	0	29.15	0	0	0	0	0	0	0	0	0	0	0	0	0	0	0	0	43.62	0	2.42	0	0	0	0	43.19	0	30.51	0	0	0	0	135.96	0	0	26.04	0	0	0	0	0	0	0	0	53.56	0	0	0	0	0	0	0	0	22.73	43.94	0	0	247.4	0	109.02	37.48	0	0	0	86.76	0	0	0	0	156.69	0	0	2.86	0	0	0	32.7	135.52	0	0	0	0	0	47.99	0	0	0	0	6.29	0	563769	k__Viruses(10239);p__Viruses_u_p(10239);c__Viruses_u_c(10239);o__Caudovirales(28883);f__Siphoviridae(10699);g__Siphoviridae_u_g(10699);s__Stx2-converting phage 1717(563769);
Stx2-converting phage 86	Viruses	Viruses_u_p	Viruses_u_c	Caudovirales	Podoviridae	Traversvirus	Stx2-converting phage 86	0	0	0	0	0	0	0	0	0	0	0	0	0	0	0	0	0	0	0	7.15	0	0	0	0	0	0	0	0	0	0	0	0	0	0	0	21.53	0	0	0	0	0	0	0	0	0	0	0	0	0	0	0	0	0	0	0	0	0	0	0	0	0	0	0	0	0	0	13.45	0	0	0	0	0	0	0	0	0	0	0	0	0	0	0	0	0	0	0	0	0	0	0	0	0	0	0	0	0	0	0	0	0	0	0	0	0	3.28	0	0	0	0	0	0	0	0	0	0	0	0	0	0	0	0	0	0	33.89	0	0	47.01	0	0	7.15	0	0	0	0	0	0	0	0	0	0	0	0	0	0	0	0	0	0	0	0	0	0	0	0	0	0	0	0	0	379329	k__Viruses(10239);p__Viruses_u_p(10239);c__Viruses_u_c(10239);o__Caudovirales(28883);f__Podoviridae(10744);g__Traversvirus(1981157);s__Stx2-converting phage 86(379329);
Punavirus_u_s	Viruses	Viruses_u_p	Viruses_u_c	Caudovirales	Myoviridae	Punavirus	Punavirus_u_s	0	0	0	0	0	0	0	0	0	0	0	0	0	0	0	0	0	0	0	0	0	0	0	0	0	7.19	0	0	0	0	17.27	0	0	0	0	0	0	0	0	11.52	0	0	0	0	0	0	0	0	0	0	0	0	0	0	0	0	0	0	0	0	0	0	0	0	0	0	0	0	0	0	0	0	0	0	0	0	0	0	0	0	0	0	0	0	0	0	0	16.84	0	0	0	0	0	0	0	0	0	0	0	0	0	0	0	0	0	0	0	0	0	0	0	0	0	0	0	0	0	0	0	0	0	0	0	4.28	0	0	0	0	0	0	0	0	0	0	0	0	0	0	0	0	0	12.19	0	0	0	0	0	0	0	0	0	0	0	0	0	0	0	0	0	186789	k__Viruses(10239);p__Viruses_u_p(10239);c__Viruses_u_c(10239);o__Caudovirales(28883);f__Myoviridae(10662);g__Punavirus(186789);s__Punavirus_u_s(186789);