sample_ID,ID,sequence_id,species,herd_type,breed,sample_type,study_ID,cow_ID,sampling,Group,Treatment,Assigment,Time_tx,Cohort,Due_date,Suggested_dry_date,Block,enrolled,collection_date,days_tx,GN_sample_type,GN_CFU.g,GN_Amp_CFU.g,GN_Cef_CFU.g,GN_Amp_per,GN_Cef_per,GP_sample_type,GP_CFU.g,GP_Amp_CFU.g,GP_Cef_CFU.g,GP_Amp_per,GP_Cef_per,Metagenome,DNAext_date,DNA_volume_ul,Qubit_ng.ul,Nanodrop_ng.ul,X260.280,X260.230,DNAext_date2,DNA_volume_ul2,Qubit_ng.ul2,Nanodrop_ng.ul2,X260.280_2,X260.230_2,uidA,eaeA,stx2,stx1,Campy16S,Campy200bp,DNA_ID,Name,N16sequence
1.1_MSU977,MA001.1,1.1_S68_L006,Bos Taurus,Dairy,Holstein,Fecal grab,MA001,5260,1,A,Control,ORBESEAL¨ only ,Day -1,A Day -1,8/1/19,5/29/19,1,Yes,5/28/19,-1,Frozen,110594.8,100,0,0.09,0,Frozen,1190000,6850,304000,0.58,25.6,Yes,6/29/20,50,117,157,1.79,1.45,6/26/20,50,40.5,199.2,1.95,2.16,+,,,NA,NA,NA,1.1,1.1_MSU977,941
1.2_MSU977,MA001.2,1.2_S69_L006,Bos Taurus,Dairy,Holstein,Fecal grab,MA001,5260,2,A,Control,ORBESEAL¨ only ,Week 1,A Week 1,8/1/19,5/29/19,1,Yes,6/5/19,7,Frozen,62676.06,3050,0,4.87,0,Frozen,3110000,14200,509000,0.46,16.35,Yes,7/22/20,100,64.8,78.4,1.83,0.79,,NA,NA,NA,NA,NA,f,,,NA,+,+,1.2,1.2_MSU977,711
1.5_MSU977,MA001.5,1.5_S70_L006,Bos Taurus,Dairy,Holstein,Fecal grab,MA001,5260,5,A,Control,ORBESEAL¨ only ,Week 5,A Week 5,8/1/19,5/29/19,1,Yes,7/3/19,35,Frozen,354166.67,16.67,0,0,0,Frozen,NA,NA,NA,NA,NA,Yes,7/24/20,75,91.8,97.5,1.78,1.84,,NA,NA,NA,NA,NA,+,,,NA,NA,NA,1.5,1.5_MSU977,1077
1.7_MSU977,MA001.7,1.7_S71_L006,Bos Taurus,Dairy,Holstein,Fecal grab,MA001,5260,7,A,Control,ORBESEAL¨ only ,Week 9,A Week 9,8/1/19,5/29/19,1,Yes,7/31/19,63,Fresh,2394736.84,43429.84,108.46,1.81,0,Frozen,NA,NA,NA,NA,NA,Yes,7/25/20,75,54.8,73.8,1.85,1.84,,NA,NA,NA,NA,NA,+,,,NA,NA,NA,1.7,1.7_MSU977,451
10.1_MSU977,MA010.1,10.1_S104_L006,Bos Taurus,Dairy,Holstein,Fecal grab,MA010,5118,1,B,Antibiotic,SPECTRAMAST¨ÊDC and ORBESEAL¨,Day -1,B Day -1,9/5/19,7/3/19,2,Yes,7/2/19,-1,Frozen,152416.36,166.67,0,0.11,0,Frozen,581000,23100,230000,3.98,39.68,Yes,7/23/20,75,65.6,85.4,1.77,1.35,,NA,NA,NA,NA,NA,+,,,NA,NA,NA,10.1,10.1_MSU977,845
10.2_MSU977,MA010.2,10.2_S105_L006,Bos Taurus,Dairy,Holstein,Fecal grab,MA010,5118,2,B,Antibiotic,SPECTRAMAST¨ÊDC and ORBESEAL¨,Week 1,B Week 1,9/5/19,7/3/19,2,Yes,7/10/19,7,Frozen,99109.13,366.67,0,0.37,0,Frozen,329000,5280,55600,1.6,16.89,Yes,7/24/20,75,112,121,1.83,1.37,,NA,NA,NA,NA,NA,+,,,NA,NA,NA,10.2,10.2_MSU977,1043
10.5_MSU977,MA010.5,10.5_S106_L006,Bos Taurus,Dairy,Holstein,Fecal grab,MA010,5118,5,B,Antibiotic,SPECTRAMAST¨ÊDC and ORBESEAL¨,Week 5,B Week 5,9/5/19,7/3/19,2,Yes,8/7/19,35,Fresh,142964.07,0,0,0,0,Frozen,NA,NA,NA,NA,NA,Yes,7/25/20,75,93.8,100.7,1.83,2.12,,NA,NA,NA,NA,NA,+,,,NA,NA,NA,10.5,10.5_MSU977,892
10.7_MSU977,MA010.7,10.7_S107_L006,Bos Taurus,Dairy,Holstein,Fecal grab,MA010,5118,7,B,Antibiotic,SPECTRAMAST¨ÊDC and ORBESEAL¨,Week 9,B Week 9,9/5/19,7/3/19,2,Yes,9/4/19,63,Fresh,1207070.71,14642.08,50,1.21,0,Frozen,NA,NA,NA,NA,NA,Yes,7/26/20,75,116,130.6,1.78,1.1,,NA,NA,NA,NA,NA,+,,,NA,NA,NA,10.7,10.7_MSU977,738
11.1_MSU977,MA011.1,11.1_S108_L006,Bos Taurus,Dairy,Holstein,Fecal grab,MA011,4993,1,B,Antibiotic,SPECTRAMAST¨ÊDC and ORBESEAL¨,Day -1,B Day -1,9/5/19,7/3/19,2,Yes,7/2/19,-1,Frozen,561403.51,16.67,0,0,0,Frozen,1400000,16700,712000,1.19,50.7,Yes,7/23/20,75,75.2,97.3,1.76,1.52,,NA,NA,NA,NA,NA,+,,f,NA,NA,NA,11.1,11.1_MSU977,458
11.2_MSU977,MA011.2,11.2_S109_L006,Bos Taurus,Dairy,Holstein,Fecal grab,MA011,4993,2,B,Antibiotic,SPECTRAMAST¨ÊDC and ORBESEAL¨,Week 1,B Week 1,9/5/19,7/3/19,2,Yes,7/10/19,7,Frozen,201672.86,35600,0,17.65,0,Frozen,131000,15400,71800,11.71,54.79,Yes,7/24/20,75,47,59.6,1.8,1.46,,NA,NA,NA,NA,NA,+,,,NA,NA,NA,11.2,11.2_MSU977,863
11.5_MSU977,MA011.5,11.5_S110_L006,Bos Taurus,Dairy,Holstein,Fecal grab,MA011,4993,5,B,Antibiotic,SPECTRAMAST¨ÊDC and ORBESEAL¨,Week 5,B Week 5,9/5/19,7/3/19,2,Yes,8/7/19,35,Fresh,1776315.79,7537.96,0,0.42,0,Frozen,NA,NA,NA,NA,NA,Yes,7/26/20,75,108,131.1,1.79,1.64,,NA,NA,NA,NA,NA,+,,,NA,NA,NA,11.5,11.5_MSU977,1022
11.7_MSU977,MA011.7,11.7_S111_L006,Bos Taurus,Dairy,Holstein,Fecal grab,MA011,4993,7,B,Antibiotic,SPECTRAMAST¨ÊDC and ORBESEAL¨,Week 9,B Week 9,9/5/19,7/3/19,2,Yes,9/4/19,63,Fresh,2263157.89,10086.77,75,0.45,0,Frozen,NA,NA,NA,NA,NA,Yes,7/27/20,75,142.8,162.8,1.85,1.71,,NA,NA,NA,NA,NA,+,,,NA,NA,NA,11.7,11.7_MSU977,847
12.1_MSU977,MA012.1,12.1_S112_L006,Bos Taurus,Dairy,Holstein,Fecal grab,MA012,5048,1,A,Control,ORBESEAL¨ only ,Day -1,A Day -1,9/5/19,7/3/19,2,Yes,7/2/19,-1,Frozen,210069.44,133.33,0,0.06,0,Frozen,480000,27100,110000,5.65,22.98,Yes,7/23/20,75,65.4,79.3,1.79,1.16,,NA,NA,NA,NA,NA,+,+,,NA,NA,NA,12.1,12.1_MSU977,558
12.2_MSU977,MA012.2,12.2_S113_L006,Bos Taurus,Dairy,Holstein,Fecal grab,MA012,5048,2,A,Control,ORBESEAL¨ only ,Week 1,A Week 1,9/5/19,7/3/19,2,Yes,7/10/19,7,Frozen,171875,5966.67,0,3.47,0,Frozen,202000,16500,31700,8.17,15.69,Yes,7/25/20,75,63.2,70.8,1.82,1.83,,NA,NA,NA,NA,NA,+,,,NA,NA,NA,12.2,12.2_MSU977,1035
12.5_MSU977,MA012.5,12.5_S114_L006,Bos Taurus,Dairy,Holstein,Fecal grab,MA012,5048,5,A,Control,ORBESEAL¨ only ,Week 5,A Week 5,9/5/19,7/3/19,2,Yes,8/7/19,35,Fresh,989898.99,4555.31,0,0.46,0,Frozen,NA,NA,NA,NA,NA,Yes,7/26/20,75,114,129.8,1.79,1.45,,NA,NA,NA,NA,NA,+,,,NA,NA,NA,12.5,12.5_MSU977,924
12.7_MSU977,MA012.7,12.7_S115_L006,Bos Taurus,Dairy,Holstein,Fecal grab,MA012,5048,7,A,Control,ORBESEAL¨ only ,Week 9,A Week 9,9/5/19,7/3/19,2,Yes,9/4/19,63,Fresh,148203.59,650.76,0,0.44,0,Frozen,NA,NA,NA,NA,NA,Yes,7/27/20,75,140,157.3,1.86,1.8,,NA,NA,NA,NA,NA,+,,,NA,NA,NA,12.7,12.7_MSU977,874
13.1_MSU977,MA013.1,13.1_S116_L006,Bos Taurus,Dairy,Holstein,Fecal grab,MA013,5035,1,A,Control,ORBESEAL¨ only ,Day -1,A Day -1,9/5/19,7/3/19,2,Yes,7/2/19,-1,Frozen,288194.44,33.33,0,0.01,0,Frozen,310000,14300,72900,4.61,23.56,Yes,7/23/20,75,61.6,73.2,1.79,1.16,,NA,NA,NA,NA,NA,+,,,NA,NA,NA,13.1,13.1_MSU977,693
13.2_MSU977,MA013.2,13.2_S117_L006,Bos Taurus,Dairy,Holstein,Fecal grab,MA013,5035,2,A,Control,ORBESEAL¨ only ,Week 1,A Week 1,9/5/19,7/3/19,2,Yes,7/10/19,7,Frozen,168402.78,566.67,0,0.34,0,Frozen,226000,8520,130000,3.77,57.56,Yes,7/25/20,75,83.8,96.5,1.76,0.48,,NA,NA,NA,NA,NA,+,,,NA,NA,NA,13.2,13.2_MSU977,893
13.5_MSU977,MA013.5,13.5_S118_L006,Bos Taurus,Dairy,Holstein,Fecal grab,MA013,5035,5,A,Control,ORBESEAL¨ only ,Week 5,A Week 5,9/5/19,7/3/19,2,Yes,8/7/19,35,Fresh,165562.91,162.69,0,0.1,0,Frozen,NA,NA,NA,NA,NA,Yes,7/26/20,75,102,111.1,1.81,1.5,,NA,NA,NA,NA,NA,+,,,NA,NA,NA,13.5,13.5_MSU977,1225
13.7_MSU977,MA013.7,13.7_S119_L006,Bos Taurus,Dairy,Holstein,Fecal grab,MA013,5035,7,A,Control,ORBESEAL¨ only ,Week 9,A Week 9,9/5/19,7/3/19,2,Yes,9/4/19,63,Fresh,1368421.05,325.38,50,0.02,0,Frozen,NA,NA,NA,NA,NA,Yes,7/27/20,75,112,127.1,1.85,2.13,,NA,NA,NA,NA,NA,+,,,NA,NA,NA,13.7,13.7_MSU977,917
14.1_MSU977,MA014.1,14.1_S120_L006,Bos Taurus,Dairy,Holstein,Fecal grab,MA014,5156,1,A,Control,ORBESEAL¨ only ,Day -1,A Day -1,9/5/19,7/3/19,2,Yes,7/2/19,-1,Frozen,149628.25,0,0,0,0,Frozen,737000,30700,107000,4.17,14.49,Yes,7/23/20,75,102,124,1.78,0.53,,NA,NA,NA,NA,NA,+,,,NA,NA,NA,14.1,14.1_MSU977,683
14.2_MSU977,MA014.2,14.2_S121_L006,Bos Taurus,Dairy,Holstein,Fecal grab,MA014,5156,2,A,Control,ORBESEAL¨ only ,Week 1,A Week 1,9/5/19,7/3/19,2,Yes,7/10/19,7,Frozen,111915.37,833.33,100,0.74,0.09,Frozen,199000,17000,49600,8.51,24.94,Yes,7/25/20,75,93.8,101.3,1.8,1.05,,NA,NA,NA,NA,NA,+,,,NA,NA,NA,14.2,14.2_MSU977,939
14.5_MSU977,MA014.5,14.5_S122_L006,Bos Taurus,Dairy,Holstein,Fecal grab,MA014,5156,5,A,Control,ORBESEAL¨ only ,Week 5,A Week 5,9/5/19,7/3/19,2,Yes,8/7/19,35,Fresh,5227.88,54.23,0,1.04,0,Frozen,NA,NA,NA,NA,NA,Yes,7/26/20,75,85.6,92,1.8,1.59,,NA,NA,NA,NA,NA,-,,,NA,+,+,14.5,14.5_MSU977,1066
14.7_MSU977,MA014.7,14.7_S123_L006,Bos Taurus,Dairy,Holstein,Fecal grab,MA014,5156,7,A,Control,ORBESEAL¨ only ,Week 9,A Week 9,9/5/19,7/3/19,2,Yes,9/4/19,63,Fresh,929292.93,12744.03,150,1.37,0.02,Frozen,NA,NA,NA,NA,NA,Yes,7/27/20,75,175.6,192,1.82,1.93,,NA,NA,NA,NA,NA,+,,,NA,NA,NA,14.7,14.7_MSU977,924
15.1_MSU977,MA015.1,15.1_S124_L006,Bos Taurus,Dairy,Holstein,Fecal grab,MA015,5246,1,A,Control,ORBESEAL¨ only ,Day -1,A Day -1,9/5/19,7/3/19,2,Yes,7/2/19,-1,Frozen,230902.78,0,0,0,0,Frozen,545000,18200,171000,3.34,31.35,Yes,7/23/20,75,53.4,70.2,1.8,0.59,,NA,NA,NA,NA,NA,+,,,NA,NA,NA,15.1,15.1_MSU977,1094
15.2_MSU977,MA015.2,15.2_S125_L006,Bos Taurus,Dairy,Holstein,Fecal grab,MA015,5246,2,A,Control,ORBESEAL¨ only ,Week 1,A Week 1,9/5/19,7/3/19,2,Yes,7/10/19,7,Frozen,434210.53,2500,12.5,0.58,0,Frozen,214000,10300,98000,4.8,45.78,Yes,7/25/20,75,64.8,76.7,1.81,1.04,,NA,NA,NA,NA,NA,+,,,NA,NA,NA,15.2,15.2_MSU977,1081
15.5_MSU977,MA015.5,15.5_S126_L006,Bos Taurus,Dairy,Holstein,Fecal grab,MA015,5246,5,A,Control,ORBESEAL¨ only ,Week 5,A Week 5,9/5/19,7/3/19,2,Yes,8/7/19,35,Fresh,155688.62,0,0,0,0,Frozen,NA,NA,NA,NA,NA,Yes,7/26/20,75,114,130.1,1.81,1.5,,NA,NA,NA,NA,NA,-,,,NA,+,+,15.5,15.5_MSU977,788
15.7_MSU977,MA015.7,15.7_S127_L006,Bos Taurus,Dairy,Holstein,Fecal grab,MA015,5246,7,A,Control,ORBESEAL¨ only ,Week 9,A Week 9,9/5/19,7/3/19,2,Yes,9/4/19,63,Fresh,686868.69,11605.21,75,1.69,0.01,Frozen,NA,NA,NA,NA,NA,Yes,7/27/20,75,58.4,68.6,1.81,1.46,,NA,NA,NA,NA,NA,+,,,NA,NA,NA,15.7,15.7_MSU977,454
16.1_MSU977,MA016.1,16.1_S128_L006,Bos Taurus,Dairy,Holstein,Fecal grab,MA016,5121,1,B,Antibiotic,SPECTRAMAST¨ÊDC and ORBESEAL¨,Day -1,B Day -1,9/12/19,7/10/19,3,Yes,7/9/19,-1,Frozen,437500,10800,2880.03,2.47,0.66,Frozen,293000,10700,87800,3.64,29.93,Yes,7/24/20,75,108,127.3,1.81,0.66,,NA,NA,NA,NA,NA,+,,,NA,NA,NA,16.1,16.1_MSU977,729
16.2_MSU977,MA016.2,16.2_S129_L006,Bos Taurus,Dairy,Holstein,Fecal grab,MA016,5121,2,B,Antibiotic,SPECTRAMAST¨ÊDC and ORBESEAL¨,Week 1,B Week 1,9/12/19,7/10/19,3,Yes,7/17/19,7,Fresh,625000,10520.61,0,1.68,0,Frozen,184000,4950,36700,2.69,20,Yes,7/25/20,75,77,95.8,1.77,1.24,,NA,NA,NA,NA,NA,-,,,NA,+,+,16.2,16.2_MSU977,898
16.5_MSU977,MA016.5,16.5_S130_L006,Bos Taurus,Dairy,Holstein,Fecal grab,MA016,5121,5,B,Antibiotic,SPECTRAMAST¨ÊDC and ORBESEAL¨,Week 5,B Week 5,9/12/19,7/10/19,3,Yes,8/15/19,36,Fresh,9514.3,190.55,0,2,0,Frozen,NA,NA,NA,NA,NA,Yes,7/26/20,75,110,113.1,1.8,1.96,,NA,NA,NA,NA,NA,-,,,NA,+,+,16.5,16.5_MSU977,882
16.7_MSU977,MA016.7,16.7_S131_L006,Bos Taurus,Dairy,Holstein,Fecal grab,MA016,5121,7,B,Antibiotic,SPECTRAMAST¨ÊDC and ORBESEAL¨,Week 9,B Week 9,9/12/19,7/10/19,3,Yes,9/11/19,63,Fresh,651515.15,2114.97,0,0.32,0,Frozen,NA,NA,NA,NA,NA,Yes,7/27/20,75,114,127.5,1.81,2.07,,NA,NA,NA,NA,NA,+,,,NA,NA,NA,16.7,16.7_MSU977,1091
17.1_MSU977,MA017.1,17.1_S132_L006,Bos Taurus,Dairy,Holstein,Fecal grab,MA017,5258,1,A,Control,ORBESEAL¨ only ,Day -1,A Day -1,9/12/19,7/10/19,3,Yes,7/9/19,-1,Frozen,513157.89,4300,137.5,0.84,0.03,Frozen,230000,8520,111000,3.7,48.04,Yes,7/24/20,75,120,131,1.83,2.17,,NA,NA,NA,NA,NA,+,,,NA,NA,NA,17.1,17.1_MSU977,718
17.2_MSU977,MA017.2,17.2_S133_L006,Bos Taurus,Dairy,Holstein,Fecal grab,MA017,5258,2,A,Control,ORBESEAL¨ only ,Week 1,A Week 1,9/12/19,7/10/19,3,Yes,7/17/19,7,Fresh,1273437.5,40089.09,0,3.15,0,Frozen,278000,2100,38400,0.76,13.81,Yes,7/25/20,75,108,117.1,1.81,2.11,,NA,NA,NA,NA,NA,+,,,NA,NA,NA,17.2,17.2_MSU977,978
17.5_MSU977,MA017.5,17.5_S134_L006,Bos Taurus,Dairy,Holstein,Fecal grab,MA017,5258,5,A,Control,ORBESEAL¨ only ,Week 5,A Week 5,9/12/19,7/10/19,3,Yes,8/15/19,36,Fresh,150662.25,433.84,0,0.29,0,Frozen,NA,NA,NA,NA,NA,Yes,7/26/20,75,96,121,1.8,1.04,,NA,NA,NA,NA,NA,+,,,NA,NA,NA,17.5,17.5_MSU977,871
17.7_MSU977,MA017.7,17.7_S135_L006,Bos Taurus,Dairy,Holstein,Fecal grab,MA017,5258,7,A,Control,ORBESEAL¨ only ,Week 9,A Week 9,9/12/19,7/10/19,3,Yes,9/11/19,63,Fresh,208609.27,17605.63,0,8.44,0,Frozen,NA,NA,NA,NA,NA,Yes,7/27/20,75,96.8,109.9,1.79,1.97,,NA,NA,NA,NA,NA,+,,,NA,NA,NA,17.7,17.7_MSU977,1050
18.1_MSU977,MA018.1,18.1_S136_L006,Bos Taurus,Dairy,Holstein,Fecal grab,MA018,4838,1,B,Antibiotic,SPECTRAMAST¨ÊDC and ORBESEAL¨,Day -1,B Day -1,9/12/19,7/10/19,2,Yes,7/9/19,-1,Frozen,684027.78,14933.33,0,2.18,0,Frozen,168000,13500,45400,8.05,27.07,Yes,7/24/20,75,79.4,97.5,1.83,1.51,,NA,NA,NA,NA,NA,+,,,NA,NA,NA,18.1,18.1_MSU977,526
18.2_MSU977,MA018.2,18.2_S137_L006,Bos Taurus,Dairy,Holstein,Fecal grab,MA018,4838,2,B,Antibiotic,SPECTRAMAST¨ÊDC and ORBESEAL¨,Week 1,B Week 1,9/12/19,7/10/19,2,Yes,7/17/19,7,Fresh,1039062.5,3036.88,0,0.29,0,Frozen,253000,10100,15300,4,6.04,Yes,7/25/20,75,77,84.6,1.81,1.42,,NA,NA,NA,NA,NA,f,,,NA,+,+,18.2,18.2_MSU977,969
18.5_MSU977,MA018.5,18.5_S138_L006,Bos Taurus,Dairy,Holstein,Fecal grab,MA018,4838,5,B,Antibiotic,SPECTRAMAST¨ÊDC and ORBESEAL¨,Week 5,B Week 5,9/12/19,7/10/19,2,Yes,8/15/19,36,Fresh,9441.8,103.33,0,1.09,0,Frozen,NA,NA,NA,NA,NA,Yes,7/26/20,75,98,111.3,1.84,0.66,,NA,NA,NA,NA,NA,-,,,NA,+,+,18.5,18.5_MSU977,632
18.7_MSU977,MA018.7,18.7_S139_L006,Bos Taurus,Dairy,Holstein,Fecal grab,MA018,4838,7,B,Antibiotic,SPECTRAMAST¨ÊDC and ORBESEAL¨,Week 9,B Week 9,9/12/19,7/10/19,2,Yes,9/11/19,63,Fresh,228476.82,162.69,0,0.07,0,Frozen,NA,NA,NA,NA,NA,Yes,7/27/20,75,112,125.6,1.82,2.09,,NA,NA,NA,NA,NA,+,,,NA,NA,NA,18.7,18.7_MSU977,701
19.1_MSU977,MA019.1,19.1_S140_L006,Bos Taurus,Dairy,Holstein,Fecal grab,MA019,4989,1,B,Antibiotic,SPECTRAMAST¨ÊDC and ORBESEAL¨,Day -1,B Day -1,9/12/19,7/10/19,3,Yes,7/9/19,-1,Frozen,429824.56,5320,50,1.24,0.01,Frozen,109000,8700,86000,7.96,78.67,Yes,7/24/20,75,126.8,155.8,1.84,2.2,,NA,NA,NA,NA,NA,+,,,NA,NA,NA,19.1,19.1_MSU977,739
19.2_MSU977,MA019.2,19.2_S141_L006,Bos Taurus,Dairy,Holstein,Fecal grab,MA019,4989,2,B,Antibiotic,SPECTRAMAST¨ÊDC and ORBESEAL¨,Week 1,B Week 1,9/12/19,7/10/19,3,Yes,7/17/19,7,Fresh,1312500,38394.79,813.45,2.93,0.06,Frozen,1690000,1250,175000,0.07,10.33,Yes,7/25/20,75,106,110.4,1.83,1.97,,NA,NA,NA,NA,NA,+,,,NA,NA,NA,19.2,19.2_MSU977,829
19.5_MSU977,MA019.5,19.5_S142_L006,Bos Taurus,Dairy,Holstein,Fecal grab,MA019,4989,5,B,Antibiotic,SPECTRAMAST¨ÊDC and ORBESEAL¨,Week 5,B Week 5,9/12/19,7/10/19,3,Yes,8/15/19,36,Fresh,1815789.47,54.23,0,0,0,Frozen,NA,NA,NA,NA,NA,Yes,7/26/20,75,94.2,99.8,1.82,1.88,,NA,NA,NA,NA,NA,+,,,NA,NA,NA,19.5,19.5_MSU977,901
19.7_MSU977,MA019.7,19.7_S143_L006,Bos Taurus,Dairy,Holstein,Fecal grab,MA019,4989,7,B,Antibiotic,SPECTRAMAST¨ÊDC and ORBESEAL¨,Week 9,B Week 9,9/12/19,7/10/19,3,Yes,9/11/19,63,Fresh,1302631.58,379.61,0,0.03,0,Frozen,NA,NA,NA,NA,NA,Yes,7/27/20,75,100,113.7,1.81,1.71,,NA,NA,NA,NA,NA,+,,,NA,NA,NA,19.7,19.7_MSU977,1254
2.1_MSU977,MA002.1,2.1_S72_L006,Bos Taurus,Dairy,Holstein,Fecal grab,MA002,5145,1,B,Antibiotic,SPECTRAMAST¨ÊDC and ORBESEAL¨,Day -1,B Day -1,8/1/19,5/29/19,1,Yes,5/28/19,-1,Frozen,251736.11,50,0,0.02,0,Frozen,727000,6950,89200,0.96,12.27,Yes,7/22/20,100,70.4,86.5,1.78,1.67,6/26/20,50,23.5,105.4,1.97,2.11,+,f,,NA,NA,NA,2.1,2.1_MSU977,961
2.2_MSU977,MA002.2,2.2_S73_L006,Bos Taurus,Dairy,Holstein,Fecal grab,MA002,5145,2,B,Antibiotic,SPECTRAMAST¨ÊDC and ORBESEAL¨,Week 1,B Week 1,8/1/19,5/29/19,1,Yes,6/5/19,7,Frozen,40563.99,0,0,0,0,Frozen,189000,8460,73400,4.49,38.92,Yes,7/23/20,75,63.4,78.2,1.8,1.46,,NA,NA,NA,NA,NA,-,,,NA,+,+,2.2,2.2_MSU977,830
2.5_MSU977,MA002.5,2.5_S74_L006,Bos Taurus,Dairy,Holstein,Fecal grab,MA002,5145,5,B,Antibiotic,SPECTRAMAST¨ÊDC and ORBESEAL¨,Week 5,B Week 5,8/1/19,5/29/19,1,Yes,7/3/19,35,Frozen,44821.83,116.67,0,0.26,0,Frozen,NA,NA,NA,NA,NA,Yes,7/24/20,75,79.6,89.5,1.87,1.67,,NA,NA,NA,NA,NA,+,,,NA,NA,NA,2.5,2.5_MSU977,924
2.7_MSU977,MA002.7,2.7_S75_L006,Bos Taurus,Dairy,Holstein,Fecal grab,MA002,5145,7,B,Antibiotic,SPECTRAMAST¨ÊDC and ORBESEAL¨,Week 9,B Week 9,8/1/19,5/29/19,1,Yes,7/31/19,63,Fresh,4171052.63,433.84,0,0.01,0,Frozen,NA,NA,NA,NA,NA,Yes,7/25/20,75,118,129.2,1.83,0.39,,NA,NA,NA,NA,NA,+,,,NA,NA,NA,2.7,2.7_MSU977,518
20.1_MSU977,MA020.1,20.1_S144_L006,Bos Taurus,Dairy,Holstein,Fecal grab,MA020,5024,1,B,Antibiotic,SPECTRAMAST¨ÊDC and ORBESEAL¨,Day -1,B Day -1,9/19/19,7/10/19,3,Yes,7/9/19,-1,Frozen,390625,5800,25,1.48,0.01,Frozen,194000,5880,24500,3.03,12.63,Yes,7/24/20,75,87.6,89.2,1.88,0.31,7/29/20,75,85.6,106.6,1.83,1.17,+,,,NA,NA,NA,20.1,20.1_MSU977,743
20.2_MSU977,MA020.2,20.2_S145_L006,Bos Taurus,Dairy,Holstein,Fecal grab,MA020,5024,2,B,Antibiotic,SPECTRAMAST¨ÊDC and ORBESEAL¨,Week 1,B Week 1,9/19/19,7/10/19,3,Yes,7/17/19,7,Fresh,882812.5,12581.34,2386.12,1.43,0.27,Frozen,201000,1880,32000,0.93,15.96,Yes,7/25/20,75,77.2,88.5,1.79,1.21,,NA,NA,NA,NA,NA,-,,,NA,+,+,20.2,20.2_MSU977,1076
20.5_MSU977,MA020.5,20.5_S146_L006,Bos Taurus,Dairy,Holstein,Fecal grab,MA020,5024,5,B,Antibiotic,SPECTRAMAST¨ÊDC and ORBESEAL¨,Week 5,B Week 5,9/19/19,7/10/19,3,Yes,8/15/19,36,Fresh,444444.44,56792.87,0,12.78,0,Frozen,NA,NA,NA,NA,NA,Yes,7/26/20,75,112,136.9,1.83,0.84,,NA,NA,NA,NA,NA,+,,,NA,NA,NA,20.5,20.5_MSU977,1110
20.7_MSU977,MA020.7,20.7_S147_L006,Bos Taurus,Dairy,Holstein,Fecal grab,MA020,5024,7,B,Antibiotic,SPECTRAMAST¨ÊDC and ORBESEAL¨,Week 9,B Week 9,9/19/19,7/10/19,3,Yes,9/11/19,63,Fresh,2052631.58,2548.81,0,0.12,0,Frozen,NA,NA,NA,NA,NA,Yes,7/27/20,75,61.6,74.7,1.83,1.61,,NA,NA,NA,NA,NA,+,,,NA,NA,NA,20.7,20.7_MSU977,476
21.1_MSU977,MA021.1,21.1_S148_L006,Bos Taurus,Dairy,Holstein,Fecal grab,MA021,5120,1,B,Antibiotic,SPECTRAMAST¨ÊDC and ORBESEAL¨,Day -1,B Day -1,9/12/19,7/10/19,3,Yes,7/9/19,-1,Frozen,230902.78,5333.33,12.5,2.31,0.01,Frozen,175000,8100,67800,4.62,38.66,Yes,7/24/20,75,90.8,107.3,1.86,0.93,,NA,NA,NA,NA,NA,+,,,NA,NA,NA,21.1,21.1_MSU977,761
21.2_MSU977,MA021.2,21.2_S149_L006,Bos Taurus,Dairy,Holstein,Fecal grab,MA021,5120,2,B,Antibiotic,SPECTRAMAST¨ÊDC and ORBESEAL¨,Week 1,B Week 1,9/12/19,7/10/19,3,Yes,7/17/19,7,Fresh,140728.48,8242.95,54.23,5.86,0.04,Frozen,276000,22500,132000,8.15,47.83,Yes,7/25/20,75,87,95.8,1.79,1.21,,NA,NA,NA,NA,NA,f,,,NA,+,+,21.2,21.2_MSU977,973
21.5_MSU977,MA021.5,21.5_S150_L006,Bos Taurus,Dairy,Holstein,Fecal grab,MA021,5120,5,B,Antibiotic,SPECTRAMAST¨ÊDC and ORBESEAL¨,Week 5,B Week 5,9/12/19,7/10/19,3,Yes,8/15/19,36,Fresh,226821.19,921.91,0,0.41,0,Frozen,NA,NA,NA,NA,NA,Yes,7/26/20,75,136.4,159.1,1.8,1.09,,NA,NA,NA,NA,NA,+,,,NA,NA,NA,21.5,21.5_MSU977,920
21.7_MSU977,MA021.7,21.7_S151_L006,Bos Taurus,Dairy,Holstein,Fecal grab,MA021,5120,7,B,Antibiotic,SPECTRAMAST¨ÊDC and ORBESEAL¨,Week 9,B Week 9,9/12/19,7/10/19,3,Yes,9/11/19,63,Fresh,114545.45,4067.25,0,3.55,0,Frozen,NA,NA,NA,NA,NA,Yes,7/27/20,75,116,124.8,1.79,1.84,,NA,NA,NA,NA,NA,-,,,NA,+,vf,21.7,21.7_MSU977,891
22.1_MSU977,MA022.1,22.1_S152_L006,Bos Taurus,Dairy,Holstein,Fecal grab,MA022,5240,1,A,Control,ORBESEAL¨ only ,Day -1,A Day -1,9/19/19,7/17/19,3,Yes,7/17/19,0,Fresh,742187.5,5368.76,1681.13,0.72,0.23,Frozen,965000,5250,130000,0.54,13.49,Yes,7/25/20,75,77.4,90.9,1.79,1.42,,NA,NA,NA,NA,NA,+,,,NA,NA,NA,22.1,22.1_MSU977,890
22.2_MSU977,MA022.2,22.2_S153_L006,Bos Taurus,Dairy,Holstein,Fecal grab,MA022,5240,2,A,Control,ORBESEAL¨ only ,Week 1,A Week 1,9/19/19,7/17/19,3,Yes,7/24/19,7,Fresh,7868421.05,2386.12,0,0.03,0,Frozen,1280000,6500,337000,0.51,26.25,Yes,7/25/20,75,87,89.9,1.84,0.43,,NA,NA,NA,NA,NA,+,,,NA,NA,NA,22.2,22.2_MSU977,974
22.5_MSU977,MA022.5,22.5_S154_L006,Bos Taurus,Dairy,Holstein,Fecal grab,MA022,5240,5,A,Control,ORBESEAL¨ only ,Week 5,A Week 5,9/19/19,7/17/19,3,Yes,8/21/19,35,Fresh,215231.79,7429.5,0,3.45,0,Frozen,NA,NA,NA,NA,NA,Yes,7/26/20,75,89.4,104.5,1.77,1.91,,NA,NA,NA,NA,NA,+,,,NA,NA,NA,22.5,22.5_MSU977,667
22.7_MSU977,MA022.7,22.7_S155_L006,Bos Taurus,Dairy,Holstein,Fecal grab,MA022,5240,7,A,Control,ORBESEAL¨ only ,Week 9,A Week 9,9/19/19,7/17/19,3,Yes,9/18/19,63,Fresh,2223684.21,921.91,0,0.04,0,Frozen,NA,NA,NA,NA,NA,Yes,7/28/20,75,76.8,121.6,1.78,1.26,,NA,NA,NA,NA,NA,+,,,NA,NA,NA,22.7,22.7_MSU977,585
23.1_MSU977,MA023.1,23.1_S156_L006,Bos Taurus,Dairy,Holstein,Fecal grab,MA023,5256,1,A,Control,ORBESEAL¨ only ,Day -1,A Day -1,9/19/19,7/17/19,3,Yes,7/17/19,0,Fresh,796875,0,0,0,0,Frozen,210000,4480,123000,2.14,58.57,Yes,7/25/20,75,58.8,72.1,1.8,1.25,,NA,NA,NA,NA,NA,+,,,NA,NA,NA,23.1,23.1_MSU977,811
23.2_MSU977,MA023.2,23.2_S157_L006,Bos Taurus,Dairy,Holstein,Fecal grab,MA023,5256,2,A,Control,ORBESEAL¨ only ,Week 1,A Week 1,9/19/19,7/17/19,3,Yes,7/24/19,7,Fresh,3421052.63,5043.38,0,0.15,0,Frozen,286000,5880,238000,2.05,83.04,Yes,7/25/20,75,136.8,147,1.79,1.59,,NA,NA,NA,NA,NA,+,,,NA,NA,NA,23.2,23.2_MSU977,1129
23.5_MSU977,MA023.5,23.5_S158_L006,Bos Taurus,Dairy,Holstein,Fecal grab,MA023,5256,5,A,Control,ORBESEAL¨ only ,Week 5,A Week 5,9/19/19,7/17/19,3,Yes,8/21/19,35,Fresh,2236842.11,20774.65,0,0.93,0,Frozen,NA,NA,NA,NA,NA,Yes,7/26/20,75,104,122.5,1.81,2.06,,NA,NA,NA,NA,NA,+,,,NA,NA,NA,23.5,23.5_MSU977,923
23.7_MSU977,MA023.7,23.7_S159_L006,Bos Taurus,Dairy,Holstein,Fecal grab,MA023,5256,7,A,Control,ORBESEAL¨ only ,Week 9,A Week 9,9/19/19,7/17/19,3,Yes,9/18/19,63,Fresh,530303.03,1681.13,0,0.32,0,Frozen,NA,NA,NA,NA,NA,Yes,7/28/20,75,115.6,172.6,1.79,0.93,,NA,NA,NA,NA,NA,+,,,NA,NA,NA,23.7,23.7_MSU977,633
24.1_MSU977,MA024.1,24.1_S160_L006,Bos Taurus,Dairy,Holstein,Fecal grab,MA024,5034,1,A,Control,ORBESEAL¨ only ,Day -1,A Day -1,9/26/19,7/24/19,3,Yes,7/23/19,-1,Fresh,1697368.42,3199.57,108.46,0.19,0.01,Frozen,268000,7430,102000,2.77,38.12,Yes,7/25/20,75,84.4,94.9,1.79,0.83,,NA,NA,NA,NA,NA,+,,,NA,NA,NA,24.1,24.1_MSU977,484
24.2_MSU977,MA024.2,24.2_S161_L006,Bos Taurus,Dairy,Holstein,Fecal grab,MA024,5034,2,A,Control,ORBESEAL¨ only ,Week 1,A Week 1,9/26/19,7/24/19,3,Yes,7/31/19,7,Fresh,1090909.09,29501.08,108.46,2.7,0.01,Frozen,513000,16900,339000,3.3,66.01,Yes,7/25/20,75,120,120.2,1.83,0.92,,NA,NA,NA,NA,NA,+,,,NA,NA,NA,24.2,24.2_MSU977,1086
24.5_MSU977,MA024.5,24.5_S164_L006,Bos Taurus,Dairy,Holstein,Fecal grab,MA024,5034,5,A,Control,ORBESEAL¨ only ,Week 5,A Week 5,9/26/19,7/24/19,3,Yes,8/28/19,35,Fresh,767676.77,271.15,0,0.04,0,Frozen,NA,NA,NA,NA,NA,Yes,7/26/20,75,104,135.3,1.77,1.76,,NA,NA,NA,NA,NA,+,,,NA,NA,NA,24.5,24.5_MSU977,1311
24.7_MSU977,MA024.7,24.7_S165_L006,Bos Taurus,Dairy,Holstein,Fecal grab,MA024,5034,7,A,Control,ORBESEAL¨ only ,Week 9,A Week 9,9/26/19,7/24/19,3,Yes,9/25/19,63,Fresh,1394736.84,7321.04,0,0.52,0,Frozen,NA,NA,NA,NA,NA,Yes,7/28/20,75,97.6,144.6,1.79,0.78,,NA,NA,NA,NA,NA,+,,,NA,NA,NA,24.7,24.7_MSU977,894
25.1_MSU977,MA025.1,25.1_S166_L006,Bos Taurus,Dairy,Holstein,Fecal grab,MA025,5273,1,B,Antibiotic,SPECTRAMAST¨ÊDC and ORBESEAL¨,Day -1,B Day -1,9/26/19,7/24/19,4,Yes,7/24/19,0,Fresh,1092105.26,112608.43,0,10.31,0,Frozen,1290000,44400,231000,3.43,17.86,Yes,7/25/20,75,71,81.1,1.79,1.51,,NA,NA,NA,NA,NA,+,,,NA,NA,NA,25.1,25.1_MSU977,745
25.2_MSU977,MA025.2,25.2_S167_L006,Bos Taurus,Dairy,Holstein,Fecal grab,MA025,5273,2,B,Antibiotic,SPECTRAMAST¨ÊDC and ORBESEAL¨,Week 1,B Week 1,9/26/19,7/24/19,4,Yes,7/31/19,7,Fresh,143706.95,28383.11,80.64,19.75,0.06,Frozen,571000,6960,132000,1.22,23.12,Yes,7/25/20,75,116,114.5,1.83,0.93,,NA,NA,NA,NA,NA,+,,,NA,NA,NA,25.2,25.2_MSU977,950
25.5_MSU977,MA025.5,25.5_S168_L006,Bos Taurus,Dairy,Holstein,Fecal grab,MA025,5273,5,B,Antibiotic,SPECTRAMAST¨ÊDC and ORBESEAL¨,Week 5,B Week 5,9/26/19,7/24/19,4,Yes,8/28/19,35,Fresh,140728.48,325.38,0,0.23,0,Frozen,NA,NA,NA,NA,NA,Yes,7/26/20,75,96,110.6,1.78,1.3,,NA,NA,NA,NA,NA,+,,,NA,NA,NA,25.5,25.5_MSU977,1039
25.7_MSU977,MA025.7,25.7_S169_L006,Bos Taurus,Dairy,Holstein,Fecal grab,MA025,5273,7,B,Antibiotic,SPECTRAMAST¨ÊDC and ORBESEAL¨,Week 9,B Week 9,9/26/19,7/24/19,4,Yes,9/25/19,63,Fresh,388888.89,325.38,0,0.08,0,Frozen,NA,NA,NA,NA,NA,Yes,7/28/20,75,101.6,141,1.76,1.48,,NA,NA,NA,NA,NA,+,,,NA,NA,NA,25.7,25.7_MSU977,866
26.1_MSU977,MA026.1,26.1_S170_L006,Bos Taurus,Dairy,Holstein,Fecal grab,MA026,5149,1,A,Control,ORBESEAL¨ only ,Day -1,A Day -1,10/2/19,7/31/19,4,Yes,7/30/19,-1,Fresh,1157894.74,596.53,0,0.05,0,Frozen,672000,200,64000,0.03,9.53,Yes,7/25/20,75,77,91.4,1.83,2.05,,NA,NA,NA,NA,NA,+,,,NA,NA,NA,26.1,26.1_MSU977,708
26.2_MSU977,MA026.2,26.2_S171_L006,Bos Taurus,Dairy,Holstein,Fecal grab,MA026,5149,2,A,Control,ORBESEAL¨ only ,Week 1,A Week 1,10/2/19,7/31/19,4,Yes,8/7/19,7,Fresh,1592105.26,1789.59,0,0.11,0,Frozen,298000,125,12700,0.04,4.26,Yes,7/26/20,75,71.2,89.4,1.83,2.14,,NA,NA,NA,NA,NA,+,,,NA,NA,NA,26.2,26.2_MSU977,901
26.5_MSU977,MA026.5,26.5_S172_L006,Bos Taurus,Dairy,Holstein,Fecal grab,MA026,5149,5,A,Control,ORBESEAL¨ only ,Week 5,A Week 5,10/2/19,7/31/19,4,Yes,9/4/19,35,Fresh,934343.43,2386.12,0,0.26,0,Frozen,NA,NA,NA,NA,NA,Yes,7/27/20,75,89.2,95.4,1.8,1.41,,NA,NA,NA,NA,NA,+,,,NA,NA,NA,26.5,26.5_MSU977,1060
26.7_MSU977,MA026.7,26.7_S173_L006,Bos Taurus,Dairy,Holstein,Fecal grab,MA026,5149,7,A,Control,ORBESEAL¨ only ,Week 9,A Week 9,10/2/19,7/31/19,4,Yes,10/3/19,64,Fresh,1636363.64,433.84,0,0.03,0,Frozen,NA,NA,NA,NA,NA,Yes,7/28/20,75,72,104.2,1.84,1.97,,NA,NA,NA,NA,NA,+,,,NA,NA,NA,26.7,26.7_MSU977,662
28.1_MSU977,MA028.1,28.1_S174_L006,Bos Taurus,Dairy,Holstein,Fecal grab,MA028,5206,1,A,Control,ORBESEAL¨ only ,Day -1,A Day -1,10/10/19,8/7/19,4,Yes,8/6/19,-1,Fresh,81818.18,1247.29,0,1.52,0,Frozen,295000,10400,24300,3.54,8.24,Yes,7/25/20,75,104,119.6,1.83,0.61,,NA,NA,NA,NA,NA,-,,,NA,vf,+,28.1,28.1_MSU977,743
28.2_MSU977,MA028.2,28.2_S175_L006,Bos Taurus,Dairy,Holstein,Fecal grab,MA028,5206,2,A,Control,ORBESEAL¨ only ,Week 1,A Week 1,10/10/19,8/7/19,4,Yes,8/15/19,8,Fresh,22772.92,1824.58,237.2,8.01,1.04,Frozen,1120000,9830,37300,0.88,3.33,Yes,7/26/20,75,114,130.1,1.8,2.09,,NA,NA,NA,NA,NA,-,,,NA,+,+,28.2,28.2_MSU977,932
28.5_MSU977,MA028.5,28.5_S176_L006,Bos Taurus,Dairy,Holstein,Fecal grab,MA028,5206,5,A,Control,ORBESEAL¨ only ,Week 5,A Week 5,10/10/19,8/7/19,4,Yes,9/11/19,35,Fresh,19437,0,0,0,0,Frozen,NA,NA,NA,NA,NA,Yes,7/27/20,75,97,104.2,1.78,1.11,,NA,NA,NA,NA,NA,-,,,NA,+,+,28.5,28.5_MSU977,1106
28.7_MSU977,MA028.7,28.7_S177_L006,Bos Taurus,Dairy,Holstein,Fecal grab,MA028,5206,7,A,Control,ORBESEAL¨ only ,Week 9,A Week 9,10/10/19,8/7/19,4,Yes,10/9/19,63,Fresh,26005.36,116.73,0,0.45,0,Frozen,NA,NA,NA,NA,NA,Yes,7/28/20,75,104,116.5,1.85,1.35,,NA,NA,NA,NA,NA,-,,,NA,+,+,28.7,28.7_MSU977,1019
29.1r_MSU997,MA029.1,29.1_S181_L003,Bos Taurus,Dairy,Holstein,Fecal grab,MA029,5252,1,B,Antibiotic,SPECTRAMAST¨ÊDC and ORBESEAL¨,Day -1,B Day -1,10/10/19,8/7/19,4,Yes,8/6/19,-1,Fresh,944444.44,991228.07,0,104.95,0,Frozen,1480000,21700,102000,1.47,6.92,Yes,7/25/20,75,94.2,102.6,1.83,0.56,,NA,NA,NA,NA,NA,+,,,NA,NA,NA,29.1,29.1r_MSU997,557
29.2_MSU977,MA029.2,29.2_S179_L006,Bos Taurus,Dairy,Holstein,Fecal grab,MA029,5252,2,B,Antibiotic,SPECTRAMAST¨ÊDC and ORBESEAL¨,Week 1,B Week 1,10/10/19,8/7/19,4,Yes,8/15/19,8,Fresh,691919.19,2386.12,0,0.34,0,Frozen,843000,8030,85200,0.95,10.1,Yes,7/26/20,75,84,92.2,1.82,1.69,,NA,NA,NA,NA,NA,+,,,NA,NA,NA,29.2,29.2_MSU977,896
29.5_MSU977,MA029.5,29.5_S180_L006,Bos Taurus,Dairy,Holstein,Fecal grab,MA029,5252,5,B,Antibiotic,SPECTRAMAST¨ÊDC and ORBESEAL¨,Week 5,B Week 5,10/10/19,8/7/19,4,Yes,9/11/19,35,Fresh,211077.84,162.69,0,0.08,0,Frozen,NA,NA,NA,NA,NA,Yes,7/27/20,75,73,79.5,1.79,1.99,,NA,NA,NA,NA,NA,f,,,NA,vf,+,29.5,29.5_MSU977,527
3.1_MSU977,MA003.1,3.1_S76_L006,Bos Taurus,Dairy,Holstein,Fecal grab,MA003,4879,1,B,Antibiotic,SPECTRAMAST¨ÊDC and ORBESEAL¨,Day -1,B Day -1,8/14/19,5/29/19,1,Yes,5/28/19,-1,Frozen,574561.4,16.67,0,0,0,Frozen,354000,9000,45400,2.55,12.84,Yes,7/22/20,100,102,112.9,1.81,1.87,6/26/20,50,29.3,173.7,1.97,2.35,+,,,NA,NA,NA,3.1,3.1_MSU977,881
3.2_MSU977,MA003.2,3.2_S77_L006,Bos Taurus,Dairy,Holstein,Fecal grab,MA003,4879,2,B,Antibiotic,SPECTRAMAST¨ÊDC and ORBESEAL¨,Week 1,B Week 1,8/14/19,5/29/19,1,Yes,6/5/19,7,Frozen,222222.22,0,0,0,0,Frozen,101000,7250,47000,7.18,46.59,Yes,7/23/20,75,67.8,81.9,1.79,1.58,,NA,NA,NA,NA,NA,+,,,NA,NA,NA,3.2,3.2_MSU977,730
3.5_MSU977,MA003.5,3.5_S78_L006,Bos Taurus,Dairy,Holstein,Fecal grab,MA003,4879,5,B,Antibiotic,SPECTRAMAST¨ÊDC and ORBESEAL¨,Week 5,B Week 5,8/14/19,5/29/19,1,Yes,7/3/19,35,Frozen,260416.67,3716.67,0,1.43,0,Frozen,NA,NA,NA,NA,NA,Yes,7/24/20,75,109.2,133.3,1.79,0.96,,NA,NA,NA,NA,NA,+,,,NA,NA,NA,3.5,3.5_MSU977,675
3.7_MSU977,MA003.7,3.7_S79_L006,Bos Taurus,Dairy,Holstein,Fecal grab,MA003,4879,7,B,Antibiotic,SPECTRAMAST¨ÊDC and ORBESEAL¨,Week 9,B Week 9,8/14/19,5/29/19,1,Yes,7/31/19,63,Fresh,3736842.11,488.07,0,0.01,0,Frozen,NA,NA,NA,NA,NA,Yes,7/25/20,75,118,124.4,1.86,2,,NA,NA,NA,NA,NA,+,,,NA,NA,NA,3.7,3.7_MSU977,858
30.1_MSU977,MA030.1,30.1_S181_L006,Bos Taurus,Dairy,Holstein,Fecal grab,MA030,5154,1,B,Antibiotic,SPECTRAMAST¨ÊDC and ORBESEAL¨,Day -1,B Day -1,10/24/19,8/21/19,4,Yes,8/20/19,-1,Fresh,72847.68,108.46,0,0.15,0,Frozen,641000,30800,104000,4.8,16.23,Yes,7/26/20,75,64.8,88.4,1.79,1.43,,NA,NA,NA,NA,NA,+,,,NA,NA,NA,30.1,30.1_MSU977,411
30.2_MSU977,MA030.2,30.2_S182_L006,Bos Taurus,Dairy,Holstein,Fecal grab,MA030,5154,2,B,Antibiotic,SPECTRAMAST¨ÊDC and ORBESEAL¨,Week 1,B Week 1,10/24/19,8/21/19,4,Yes,8/28/19,7,Fresh,143636.36,704.99,0,0.49,0,Frozen,578000,105000,285000,18.17,49.28,Yes,7/26/20,75,85.8,118.3,1.78,1.25,,NA,NA,NA,NA,NA,f,,,NA,+,+,30.2,30.2_MSU977,686
30.5_MSU977,MA030.5,30.5_S183_L006,Bos Taurus,Dairy,Holstein,Fecal grab,MA030,5154,5,B,Antibiotic,SPECTRAMAST¨ÊDC and ORBESEAL¨,Week 5,B Week 5,10/24/19,8/21/19,4,Yes,9/25/19,35,Fresh,94311.38,54.23,0,0.06,0,Frozen,NA,NA,NA,NA,NA,Yes,7/28/20,75,85.6,109.5,1.76,0.86,,NA,NA,NA,NA,NA,f,,,NA,f,+,30.5,30.5_MSU977,631
30.7_MSU977,MA030.7,30.7_S184_L006,Bos Taurus,Dairy,Holstein,Fecal grab,MA030,5154,7,B,Antibiotic,SPECTRAMAST¨ÊDC and ORBESEAL¨,Week 9,B Week 9,10/24/19,8/21/19,4,Yes,10/23/19,63,Fresh,1753.22,70.86,0,4.04,0,Frozen,NA,NA,NA,NA,NA,Yes,7/28/20,75,122.8,132.7,1.8,2.04,,NA,NA,NA,NA,NA,-,,,NA,+,vf,30.7,30.7_MSU977,811
31.1_MSU977,MA031.1,31.1_S185_L006,Bos Taurus,Dairy,Holstein,Fecal grab,MA031,5068,1,A,Control,ORBESEAL¨ only ,Day -1,A Day -1,10/24/19,8/21/19,4,Yes,8/20/19,-1,Fresh,747474.75,108.46,0,0.01,0,Frozen,142000,5800,55700,4.08,39.15,Yes,7/26/20,75,110,125.1,1.8,1.45,,NA,NA,NA,NA,NA,+,,,NA,NA,NA,31.1,31.1_MSU977,646
31.2_MSU977,MA031.2,31.2_S186_L006,Bos Taurus,Dairy,Holstein,Fecal grab,MA031,5068,2,A,Control,ORBESEAL¨ only ,Week 1,A Week 1,10/24/19,8/21/19,4,Yes,8/28/19,7,Fresh,68230.56,108.46,0,0.16,0,Frozen,633000,86700,451000,13.69,71.27,Yes,7/26/20,75,98,110.3,1.78,1.25,,NA,NA,NA,NA,NA,-,,,NA,f,+,31.2,31.2_MSU977,837
31.5_MSU977,MA031.5,31.5_S187_L006,Bos Taurus,Dairy,Holstein,Fecal grab,MA031,5068,5,A,Control,ORBESEAL¨ only ,Week 5,A Week 5,10/24/19,8/21/19,4,Yes,9/25/19,35,Fresh,105960.26,1247.29,0,1.18,0,Frozen,NA,NA,NA,NA,NA,Yes,7/28/20,75,120,137.9,1.8,2.16,,NA,NA,NA,NA,NA,f,,,NA,f,+,31.5,31.5_MSU977,936
31.7_MSU977,MA031.7,31.7_S188_L006,Bos Taurus,Dairy,Holstein,Fecal grab,MA031,5068,7,A,Control,ORBESEAL¨ only ,Week 9,A Week 9,10/24/19,8/21/19,4,Yes,10/23/19,63,Fresh,231788.08,54.23,0,0.02,0,Frozen,NA,NA,NA,NA,NA,Yes,7/28/20,75,68,76.4,1.8,0.72,,NA,NA,NA,NA,NA,+,,,NA,NA,NA,31.7,31.7_MSU977,278
32.1_MSU977,MA032.1,32.1_S189_L006,Bos Taurus,Dairy,Holstein,Fecal grab,MA032,5272,1,A,Control,ORBESEAL¨ only ,Day -1,A Day -1,10/24/19,8/21/19,4,Yes,8/20/19,-1,Fresh,505050.51,162.69,0,0.03,0,Frozen,6.00E+05,30200,101000,5.03,16.8,Yes,7/26/20,75,122.8,151.3,1.81,2.11,,NA,NA,NA,NA,NA,+,,,NA,NA,NA,32.1,32.1_MSU977,866
32.2_MSU977,MA032.2,32.2_S190_L006,Bos Taurus,Dairy,Holstein,Fecal grab,MA032,5272,2,A,Control,ORBESEAL¨ only ,Week 1,A Week 1,10/24/19,8/21/19,4,Yes,8/28/19,7,Fresh,261589.4,54.23,0,0.02,0,Frozen,475000,128000,365000,27.05,76.81,Yes,7/26/20,75,114,127.1,1.78,1.6,,NA,NA,NA,NA,NA,+,,,NA,NA,NA,32.2,32.2_MSU977,962
32.5_MSU977,MA032.5,32.5_S191_L006,Bos Taurus,Dairy,Holstein,Fecal grab,MA032,5272,5,A,Control,ORBESEAL¨ only ,Week 5,A Week 5,10/24/19,8/21/19,4,Yes,9/25/19,35,Fresh,199101.8,54.23,0,0.03,0,Frozen,NA,NA,NA,NA,NA,Yes,7/28/20,75,112,113.5,1.8,1.7,,NA,NA,NA,NA,NA,+,,,NA,NA,NA,32.5,32.5_MSU977,955
32.7_MSU977,MA032.7,32.7_S192_L006,Bos Taurus,Dairy,Holstein,Fecal grab,MA032,5272,7,A,Control,ORBESEAL¨ only ,Week 9,A Week 9,10/24/19,8/21/19,4,Yes,10/23/19,63,Fresh,244011.98,1301.52,475,0.53,0.19,Frozen,NA,NA,NA,NA,NA,Yes,7/28/20,75,153.6,167.4,1.8,2.18,,NA,NA,NA,NA,NA,+,,,NA,NA,NA,32.7,32.7_MSU977,932
33.1_MSU977,MA033.1,33.1_S193_L006,Bos Taurus,Dairy,Holstein,Fecal grab,MA033,5112,1,A,Control,ORBESEAL¨ only ,Day -1,A Day -1,10/31/19,8/28/19,5,Yes,8/27/19,-1,Fresh,2410465.32,218750,100,9.08,0,Frozen,758000,21200,292000,2.8,38.5,Yes,7/26/20,75,56,77.9,1.79,0.43,,NA,NA,NA,NA,NA,+,,,NA,NA,NA,33.1,33.1_MSU977,870
33.2_MSU977,MA033.2,33.2_S194_L006,Bos Taurus,Dairy,Holstein,Fecal grab,MA033,5112,2,A,Control,ORBESEAL¨ only ,Week 1,A Week 1,10/31/19,8/28/19,5,Yes,9/4/19,7,Fresh,3268917.24,284468.65,25,8.7,0,Frozen,2300000,43200,273000,1.88,11.84,Yes,7/27/20,75,116,133,1.81,2.25,,NA,NA,NA,NA,NA,+,,,NA,NA,NA,33.2,33.2_MSU977,889
33.5_MSU977,MA033.5,33.5_S195_L006,Bos Taurus,Dairy,Holstein,Fecal grab,MA033,5112,5,A,Control,ORBESEAL¨ only ,Week 5,A Week 5,10/31/19,8/28/19,5,Yes,10/3/19,36,Fresh,1262626.26,2060.74,25,0.16,0,Frozen,NA,NA,NA,NA,NA,Yes,7/28/20,75,88,104.2,1.8,1.87,,NA,NA,NA,NA,NA,+,,,NA,NA,NA,33.5,33.5_MSU977,789
33.7_MSU977,MA033.7,33.7_S196_L006,Bos Taurus,Dairy,Holstein,Fecal grab,MA033,5112,7,A,Control,ORBESEAL¨ only ,Week 9,A Week 9,10/31/19,8/28/19,5,Yes,10/30/19,63,Fresh,1545454.55,4880.69,1250,0.32,0.08,Frozen,NA,NA,NA,NA,NA,Yes,7/29/20,75,116,125.3,1.84,1,,NA,NA,NA,NA,NA,+,,,NA,NA,NA,33.7,33.7_MSU977,810
34.1_MSU977,MA034.1,34.1_S197_L006,Bos Taurus,Dairy,Holstein,Fecal grab,MA034,5107,1,B,Antibiotic,SPECTRAMAST¨ÊDC and ORBESEAL¨,Day -1,B Day -1,10/31/19,8/28/19,5,Yes,8/27/19,-1,Fresh,808080.81,813.45,350,0.1,0.04,Frozen,1120000,29800,252000,2.66,22.45,Yes,7/26/20,75,102,116.5,1.79,1.34,,NA,NA,NA,NA,NA,+,,,NA,NA,NA,34.1,34.1_MSU977,813
34.2_MSU977,MA034.2,34.2_S198_L006,Bos Taurus,Dairy,Holstein,Fecal grab,MA034,5107,2,B,Antibiotic,SPECTRAMAST¨ÊDC and ORBESEAL¨,Week 1,B Week 1,10/31/19,8/28/19,5,Yes,9/4/19,7,Fresh,304635.76,1247.29,600,0.41,0.2,Frozen,722000,85200,479000,11.8,66.35,Yes,7/27/20,75,116,126.3,1.78,1.72,,NA,NA,NA,NA,NA,+,,,NA,NA,NA,34.2,34.2_MSU977,1102
34.5_MSU977,MA034.5,34.5_S199_L006,Bos Taurus,Dairy,Holstein,Fecal grab,MA034,5107,5,B,Antibiotic,SPECTRAMAST¨ÊDC and ORBESEAL¨,Week 5,B Week 5,10/31/19,8/28/19,5,Yes,10/3/19,36,Fresh,159768.21,162.69,0,0.1,0,Frozen,NA,NA,NA,NA,NA,Yes,7/28/20,75,116,119.3,1.84,1.99,,NA,NA,NA,NA,NA,+,,,NA,NA,NA,34.5,34.5_MSU977,1014
34.7_MSU977,MA034.7,34.7_S200_L006,Bos Taurus,Dairy,Holstein,Fecal grab,MA034,5107,7,B,Antibiotic,SPECTRAMAST¨ÊDC and ORBESEAL¨,Week 9,B Week 9,10/31/19,8/28/19,5,Yes,10/30/19,63,Fresh,200598.8,0,125,0,0.06,Frozen,NA,NA,NA,NA,NA,Yes,7/29/20,75,118,139.3,1.81,1.81,,NA,NA,NA,NA,NA,+,,,NA,NA,NA,34.7,34.7_MSU977,795
35.1_MSU977,MA035.1,35.1_S201_L006,Bos Taurus,Dairy,Holstein,Fecal grab,MA035,5245,1,A,Control,ORBESEAL¨ only ,Day -1,A Day -1,10/31/19,8/28/19,5,Yes,8/27/19,-1,Fresh,2161075.29,271.15,0,0.01,0,Frozen,1060000,18800,107000,1.77,10.08,Yes,7/26/20,75,54.4,64,1.8,1.93,,NA,NA,NA,NA,NA,+,,,NA,NA,NA,35.1,35.1_MSU977,311
35.2_MSU977,MA035.2,35.2_S202_L006,Bos Taurus,Dairy,Holstein,Fecal grab,MA035,5245,2,A,Control,ORBESEAL¨ only ,Week 1,A Week 1,10/31/19,8/28/19,5,Yes,9/4/19,7,Fresh,1792929.29,2494.58,0,0.14,0,Frozen,5200000,54000,523000,1.04,10.05,Yes,7/27/20,75,58.8,74.2,1.79,1.97,,NA,NA,NA,NA,NA,+,,,NA,NA,NA,35.2,35.2_MSU977,378
35.5_MSU977,MA035.5,35.5_S203_L006,Bos Taurus,Dairy,Holstein,Fecal grab,MA035,5245,5,A,Control,ORBESEAL¨ only ,Week 5,A Week 5,10/31/19,8/28/19,5,Yes,10/3/19,36,Fresh,782828.28,216.92,0,0.03,0,Frozen,NA,NA,NA,NA,NA,Yes,7/28/20,75,110,117.1,1.81,1.81,,NA,NA,NA,NA,NA,+,,,NA,NA,NA,35.5,35.5_MSU977,958
35.7_MSU977,MA035.7,35.7_S204_L006,Bos Taurus,Dairy,Holstein,Fecal grab,MA035,5245,7,A,Control,ORBESEAL¨ only ,Week 9,A Week 9,10/31/19,8/28/19,5,Yes,10/30/19,63,Fresh,464646.46,1355.75,975,0.29,0.21,Frozen,NA,NA,NA,NA,NA,Yes,7/29/20,75,92.2,96.4,1.84,2.02,,NA,NA,NA,NA,NA,+,,,NA,NA,NA,35.7,35.7_MSU977,1020
36.1_MSU977,MA036.1,36.1_S205_L006,Bos Taurus,Dairy,Holstein,Fecal grab,MA036,4874,1,B,Antibiotic,SPECTRAMAST¨ÊDC and ORBESEAL¨,Day -1,B Day -1,10/31/19,8/28/19,4,Yes,8/27/19,-1,Fresh,145695.36,18838.03,0,12.93,0,Frozen,328000,9060,232000,2.76,70.88,Yes,7/26/20,75,83.8,108,1.83,2.05,,NA,NA,NA,NA,NA,+,,,NA,NA,NA,36.1,36.1_MSU977,895
36.2_MSU977,MA036.2,36.2_S206_L006,Bos Taurus,Dairy,Holstein,Fecal grab,MA036,4874,2,B,Antibiotic,SPECTRAMAST¨ÊDC and ORBESEAL¨,Week 1,B Week 1,10/31/19,8/28/19,4,Yes,9/4/19,7,Fresh,1202020.2,3633.41,0,0.3,0,Frozen,2860000,42400,90800,1.48,3.17,Yes,7/27/20,75,112,122.1,1.83,1.97,,NA,NA,NA,NA,NA,+,,,NA,NA,NA,36.2,36.2_MSU977,989
36.5_MSU977,MA036.5,36.5_S207_L006,Bos Taurus,Dairy,Holstein,Fecal grab,MA036,4874,5,B,Antibiotic,SPECTRAMAST¨ÊDC and ORBESEAL¨,Week 5,B Week 5,10/31/19,8/28/19,4,Yes,10/3/19,36,Fresh,211920.53,2331.89,0,1.1,0,Frozen,NA,NA,NA,NA,NA,Yes,7/28/20,75,96.8,101,1.82,1.45,,NA,NA,NA,NA,NA,+,,,NA,NA,NA,36.5,36.5_MSU977,1208
36.7_MSU977,MA036.7,36.7_S208_L006,Bos Taurus,Dairy,Holstein,Fecal grab,MA036,4874,7,B,Antibiotic,SPECTRAMAST¨ÊDC and ORBESEAL¨,Week 9,B Week 9,10/31/19,8/28/19,4,Yes,10/30/19,63,Fresh,601010.1,2169.2,1000,0.36,0.17,Frozen,NA,NA,NA,NA,NA,Yes,7/29/20,75,106,118.1,1.82,1.79,,NA,NA,NA,NA,NA,+,,,NA,NA,NA,36.7,36.7_MSU977,564
37.1_MSU977,MA037.1,37.1_S209_L006,Bos Taurus,Dairy,Holstein,Fecal grab,MA037,4994,1,A,Control,ORBESEAL¨ only ,Day -1,A Day -1,11/7/19,9/4/19,5,Yes,9/3/19,-1,Fresh,1118421.05,3416.49,0,0.31,0,Frozen,3210000,81200,151000,2.53,4.72,Yes,7/26/20,75,61.8,79.3,1.79,1.38,,NA,NA,NA,NA,NA,NA,NA,NA,NA,NA,NA,37.1,37.1_MSU977,491
37.2_MSU977,MA037.2,37.2_S210_L006,Bos Taurus,Dairy,Holstein,Fecal grab,MA037,4994,2,A,Control,ORBESEAL¨ only ,Week 1,A Week 1,11/7/19,9/4/19,5,Yes,9/11/19,7,Fresh,1676767.68,867.68,0,0.05,0,Frozen,1960000,66400,151000,3.39,7.68,Yes,7/27/20,75,104,132.3,1.82,1.59,,NA,NA,NA,NA,NA,+,,,NA,NA,NA,37.2,37.2_MSU977,725
37.5_MSU977,MA037.5,37.5_S211_L006,Bos Taurus,Dairy,Holstein,Fecal grab,MA037,4994,5,A,Control,ORBESEAL¨ only ,Week 5,A Week 5,11/7/19,9/4/19,5,Yes,10/9/19,35,Fresh,1.00E+06,325.38,0,0.03,0,Frozen,NA,NA,NA,NA,NA,Yes,7/28/20,75,104,129.5,1.86,0.52,,NA,NA,NA,NA,NA,+,,,NA,NA,NA,37.5,37.5_MSU977,756
37.7_MSU977,MA037.7,37.7_S212_L006,Bos Taurus,Dairy,Holstein,Fecal grab,MA037,4994,7,A,Control,ORBESEAL¨ only ,Week 9,A Week 9,11/7/19,9/4/19,5,Yes,11/6/19,63,Fresh,274834.44,488.07,25,0.18,0.01,Frozen,NA,NA,NA,NA,NA,Yes,7/29/20,75,148.8,152.6,1.83,1.83,,NA,NA,NA,NA,NA,+,,,NA,NA,NA,37.7,37.7_MSU977,927
38.1_MSU977,MA038.1,38.1_S213_L006,Bos Taurus,Dairy,Holstein,Fecal grab,MA038,5283,1,B,Antibiotic,SPECTRAMAST¨ÊDC and ORBESEAL¨,Day -1,B Day -1,11/21/19,9/18/19,5,Yes,9/17/19,-1,Fresh,722222.22,1626.9,0,0.23,0,Frozen,325000,41200,107000,12.69,33.09,Yes,7/27/20,75,76.6,88.3,1.81,1.83,,NA,NA,NA,NA,NA,+,,,NA,NA,NA,38.1,38.1_MSU977,335
38.2_MSU977,MA038.2,38.2_S214_L006,Bos Taurus,Dairy,Holstein,Fecal grab,MA038,5283,2,B,Antibiotic,SPECTRAMAST¨ÊDC and ORBESEAL¨,Week 1,B Week 1,11/21/19,9/18/19,5,Yes,9/25/19,7,Fresh,86077.84,488.07,0,0.57,0,Frozen,1380000,148000,240000,10.67,17.31,Yes,7/28/20,75,114,112.3,1.86,1.84,,NA,NA,NA,NA,NA,f,,,NA,+,+,38.2,38.2_MSU977,821
38.5_MSU977,MA038.5,38.5_S215_L006,Bos Taurus,Dairy,Holstein,Fecal grab,MA038,5283,5,B,Antibiotic,SPECTRAMAST¨ÊDC and ORBESEAL¨,Week 5,B Week 5,11/21/19,9/18/19,5,Yes,10/23/19,35,Fresh,39410.19,271.15,0,0.69,0,Frozen,NA,NA,NA,NA,NA,Yes,7/29/20,75,89.8,94.5,1.82,2.12,,NA,NA,NA,NA,NA,-,,,NA,+,+,38.5,38.5_MSU977,1165
38.7_MSU977,MA038.7,38.7_S216_L006,Bos Taurus,Dairy,Holstein,Fecal grab,MA038,5283,7,B,Antibiotic,SPECTRAMAST¨ÊDC and ORBESEAL¨,Week 9,B Week 9,11/21/19,9/18/19,5,Yes,11/20/19,63,Fresh,762626.26,5097.61,575,0.67,0.08,Frozen,NA,NA,NA,NA,NA,Yes,7/29/20,75,137.6,161.2,1.83,2.04,,NA,NA,NA,NA,NA,+,,,NA,NA,NA,38.7,38.7_MSU977,864
39.1_MSU977,MA039.1,39.1_S217_L006,Bos Taurus,Dairy,Holstein,Fecal grab,MA039,5286,1,A,Control,ORBESEAL¨ only ,Day -1,A Day -1,11/21/19,9/18/19,5,Yes,9/17/19,-1,Fresh,1449494.95,2114.97,0,0.15,0,Frozen,1450000,48200,128000,3.31,8.82,Yes,7/28/20,75,132.4,165.2,1.79,1.21,,NA,NA,NA,NA,NA,+,,,NA,NA,NA,39.1,39.1_MSU977,740
39.2_MSU977,MA039.2,39.2_S218_L006,Bos Taurus,Dairy,Holstein,Fecal grab,MA039,5286,2,A,Control,ORBESEAL¨ only ,Week 1,A Week 1,11/21/19,9/18/19,5,Yes,9/25/19,7,Fresh,611111.11,162.69,0,0.03,0,Frozen,2550000,69300,172000,2.72,6.74,Yes,7/28/20,75,100,112.4,1.82,1.62,,NA,NA,NA,NA,NA,+,,,NA,NA,NA,39.2,39.2_MSU977,647
39.5_MSU977,MA039.5,39.5_S219_L006,Bos Taurus,Dairy,Holstein,Fecal grab,MA039,5286,5,A,Control,ORBESEAL¨ only ,Week 5,A Week 5,11/21/19,9/18/19,5,Yes,10/23/19,35,Fresh,251655.63,162.69,0,0.06,0,Frozen,NA,NA,NA,NA,NA,Yes,7/29/20,75,114,118.4,1.82,1.94,,NA,NA,NA,NA,NA,+,,,NA,NA,NA,39.5,39.5_MSU977,979
39.7_MSU977,MA039.7,39.7_S220_L006,Bos Taurus,Dairy,Holstein,Fecal grab,MA039,5286,7,A,Control,ORBESEAL¨ only ,Week 9,A Week 9,11/21/19,9/18/19,5,Yes,11/20/19,63,Fresh,203642.38,2874.19,650,1.41,0.32,Frozen,NA,NA,NA,NA,NA,Yes,7/29/20,75,135.2,154.4,1.81,2.11,,NA,NA,NA,NA,NA,+,,,NA,NA,NA,39.7,39.7_MSU977,588
4.1_MSU977,MA004.1,4.1_S80_L006,Bos Taurus,Dairy,Holstein,Fecal grab,MA004,5025,1,A,Control,ORBESEAL¨ only ,Day -1,A Day -1,8/1/19,5/29/19,1,Yes,5/28/19,-1,Frozen,1048245.61,1500,0,0.14,0,Frozen,245000,6500,44500,2.65,18.18,Yes,7/22/20,100,64.8,83,1.81,0.59,6/26/20,50,17.9,221.9,1.87,2.12,+,,,NA,NA,NA,4.1,4.1_MSU977,1255
4.2_MSU977,MA004.2,4.2_S81_L006,Bos Taurus,Dairy,Holstein,Fecal grab,MA004,5025,2,A,Control,ORBESEAL¨ only ,Week 1,A Week 1,8/1/19,5/29/19,1,Yes,6/5/19,7,Frozen,361111.11,50,0,0.01,0,Frozen,270000,11100,55800,4.11,20.64,Yes,7/23/20,75,70.8,84.5,1.82,0.8,,NA,NA,NA,NA,NA,+,,,NA,NA,NA,4.2,4.2_MSU977,685
4.5_MSU977,MA004.5,4.5_S82_L006,Bos Taurus,Dairy,Holstein,Fecal grab,MA004,5025,5,A,Control,ORBESEAL¨ only ,Week 5,A Week 5,8/1/19,5/29/19,1,Yes,7/3/19,35,Frozen,92007.43,50,0,0.05,0,Frozen,NA,NA,NA,NA,NA,Yes,7/24/20,75,86.4,90,1.81,1.58,,NA,NA,NA,NA,NA,+,,f,NA,NA,NA,4.5,4.5_MSU977,973
4.7_MSU977,MA004.7,4.7_S83_L006,Bos Taurus,Dairy,Holstein,Fecal grab,MA004,5025,7,A,Control,ORBESEAL¨ only ,Week 9,A Week 9,8/1/19,5/29/19,1,Yes,7/31/19,63,Fresh,2763157.89,938596.49,0,33.97,0,Frozen,NA,NA,NA,NA,NA,Yes,7/25/20,75,95,104.3,1.82,0.4,,NA,NA,NA,NA,NA,+,,,NA,NA,NA,4.7,4.7_MSU977,986
40.1_MSU977,MA040.1,40.1_S221_L006,Bos Taurus,Dairy,Holstein,Fecal grab,MA040,5153,1,B,Antibiotic,SPECTRAMAST¨ÊDC and ORBESEAL¨,Day -1,B Day -1,11/21/19,9/18/19,5,Yes,9/17/19,-1,Fresh,651515.15,108.46,0,0.02,0,Frozen,379000,37200,67300,9.81,17.74,Yes,7/28/20,75,114.4,160.4,1.79,1.1,,NA,NA,NA,NA,NA,+,+,,NA,NA,NA,40.1,40.1_MSU977,727
40.2_MSU977,MA040.2,40.2_S222_L006,Bos Taurus,Dairy,Holstein,Fecal grab,MA040,5153,2,B,Antibiotic,SPECTRAMAST¨ÊDC and ORBESEAL¨,Week 1,B Week 1,11/21/19,9/18/19,5,Yes,9/25/19,7,Fresh,157284.77,0,0,0,0,Frozen,253000,69900,178000,27.61,70.12,Yes,7/28/20,75,67.8,75.6,1.82,1.92,,NA,NA,NA,NA,NA,+,,,NA,NA,NA,40.2,40.2_MSU977,454
40.5_MSU977,MA040.5,40.5_S223_L006,Bos Taurus,Dairy,Holstein,Fecal grab,MA040,5153,5,B,Antibiotic,SPECTRAMAST¨ÊDC and ORBESEAL¨,Week 5,B Week 5,11/21/19,9/18/19,5,Yes,10/23/19,35,Fresh,1282828.28,162.69,0,0.01,0,Frozen,NA,NA,NA,NA,NA,Yes,7/29/20,75,104,108.6,1.86,1.81,,NA,NA,NA,NA,NA,+,,,NA,NA,NA,40.5,40.5_MSU977,772
40.7_MSU977,MA040.7,40.7_S224_L006,Bos Taurus,Dairy,Holstein,Fecal grab,MA040,5153,7,B,Antibiotic,SPECTRAMAST¨ÊDC and ORBESEAL¨,Week 9,B Week 9,11/21/19,9/18/19,5,Yes,11/20/19,63,Fresh,118181.82,10141,50,8.58,0.04,Frozen,NA,NA,NA,NA,NA,Yes,7/29/20,75,108,117,1.81,1.92,,NA,NA,NA,NA,NA,+,,,NA,NA,NA,40.7,40.7_MSU977,822
41.1_MSU977,MA041.1,41.1_S225_L006,Bos Taurus,Dairy,Holstein,Fecal grab,MA041,5141,1,B,Antibiotic,SPECTRAMAST¨ÊDC and ORBESEAL¨,Day -1,B Day -1,11/21/19,9/18/19,5,Yes,9/17/19,-1,Fresh,177152.32,921.91,0,0.52,0,Frozen,763000,20800,45100,2.73,5.91,Yes,7/28/20,75,104.4,121.7,1.8,1.81,,NA,NA,NA,NA,NA,+,,,NA,NA,NA,41.1,41.1_MSU977,686
41.2_MSU977,MA041.2,41.2_S226_L006,Bos Taurus,Dairy,Holstein,Fecal grab,MA041,5141,2,B,Antibiotic,SPECTRAMAST¨ÊDC and ORBESEAL¨,Week 1,B Week 1,11/21/19,9/18/19,5,Yes,9/25/19,7,Fresh,250000,162.69,0,0.07,0,Frozen,279000,91500,151000,32.84,54.03,Yes,7/28/20,75,76.8,89.1,1.8,2.02,,NA,NA,NA,NA,NA,+,,,NA,NA,NA,41.2,41.2_MSU977,469
41.5_MSU977,MA041.5,41.5_S227_L006,Bos Taurus,Dairy,Holstein,Fecal grab,MA041,5141,5,B,Antibiotic,SPECTRAMAST¨ÊDC and ORBESEAL¨,Week 5,B Week 5,11/21/19,9/18/19,5,Yes,10/23/19,35,Fresh,176646.71,54.23,0,0.03,0,Frozen,NA,NA,NA,NA,NA,Yes,7/29/20,75,126,131.6,1.8,1.65,,NA,NA,NA,NA,NA,+,,,NA,NA,NA,41.5,41.5_MSU977,786
41.7_MSU977,MA041.7,41.7_S228_L006,Bos Taurus,Dairy,Holstein,Fecal grab,MA041,5141,7,B,Antibiotic,SPECTRAMAST¨ÊDC and ORBESEAL¨,Week 9,B Week 9,11/21/19,9/18/19,5,Yes,11/20/19,63,Fresh,169161.68,5422.99,325,3.21,0.19,Frozen,NA,NA,NA,NA,NA,Yes,7/29/20,75,82.4,99.8,1.82,2.14,,NA,NA,NA,NA,NA,+,,,NA,NA,NA,41.7,41.7_MSU977,590
5.1_MSU977,MA005.1,5.1_S84_L006,Bos Taurus,Dairy,Holstein,Fecal grab,MA005,5031,1,A,Control,ORBESEAL¨ only ,Day -1,A Day -1,8/10/19,5/29/19,1,Yes,5/28/19,-1,Frozen,820175.44,66.67,0,0.01,0,Frozen,909000,5160,241000,0.57,26.55,Yes,7/7/20,50,116,178.9,1.82,1.51,6/26/20,50,10.6,74.2,1.86,1.75,+,high,,NA,NA,NA,5.1,5.1_MSU977,858
5.2_MSU977,MA005.2,5.2_S85_L006,Bos Taurus,Dairy,Holstein,Fecal grab,MA005,5031,2,A,Control,ORBESEAL¨ only ,Week 1,A Week 1,8/10/19,5/29/19,1,Yes,6/5/19,7,Frozen,194444.44,150,0,0.08,0,Frozen,7580000,5820,74100,0.08,0.98,Yes,7/23/20,75,102,119.9,1.77,1.52,,NA,NA,NA,NA,NA,+,,,NA,NA,NA,5.2,5.2_MSU977,925
5.5_MSU977,MA005.5,5.5_S86_L006,Bos Taurus,Dairy,Holstein,Fecal grab,MA005,5031,5,A,Control,ORBESEAL¨ only ,Week 5,A Week 5,8/10/19,5/29/19,1,Yes,7/3/19,35,Frozen,809027.78,316.67,0,0.04,0,Frozen,NA,NA,NA,NA,NA,Yes,7/24/20,75,98.4,101.5,1.83,1.97,,NA,NA,NA,NA,NA,+,,,NA,NA,NA,5.5,5.5_MSU977,1114
5.7_MSU977,MA005.7,5.7_S87_L006,Bos Taurus,Dairy,Holstein,Fecal grab,MA005,5031,7,A,Control,ORBESEAL¨ only ,Week 9,A Week 9,8/10/19,5/29/19,1,Yes,7/31/19,63,Fresh,3789473.68,148663.7,0,3.92,0,Frozen,NA,NA,NA,NA,NA,Yes,7/25/20,75,117.6,124.4,1.83,1.99,,NA,NA,NA,NA,NA,+,,,NA,NA,NA,5.7,5.7_MSU977,945
6.1_MSU977,MA006.1,6.1_S88_L006,Bos Taurus,Dairy,Holstein,Fecal grab,MA006,4927,1,B,Antibiotic,SPECTRAMAST¨ÊDC and ORBESEAL¨,Day -1,B Day -1,8/1/19,5/29/19,1,Yes,5/28/19,-1,Frozen,127323.42,516.67,0,0.41,0,Frozen,763000,5400,42900,0.71,5.62,Yes,7/7/20,50,149,208.6,1.81,1.26,6/26/20,50,13.8,78.8,1.89,1.89,+,,,NA,NA,NA,6.1,6.1_MSU977,854
6.2_MSU977,MA006.2,6.2_S89_L006,Bos Taurus,Dairy,Holstein,Fecal grab,MA006,4927,2,B,Antibiotic,SPECTRAMAST¨ÊDC and ORBESEAL¨,Week 1,B Week 1,8/1/19,5/29/19,1,Yes,6/5/19,7,Frozen,175347.22,50,0,0.03,0,Frozen,344000,6100,46800,1.77,13.58,Yes,7/23/20,75,79,94,1.82,1.13,,NA,NA,NA,NA,NA,+,,,NA,NA,NA,6.2,6.2_MSU977,806
6.5_MSU977,MA006.5,6.5_S90_L006,Bos Taurus,Dairy,Holstein,Fecal grab,MA006,4927,5,B,Antibiotic,SPECTRAMAST¨ÊDC and ORBESEAL¨,Week 5,B Week 5,8/1/19,5/29/19,1,Yes,7/3/19,35,Frozen,27711.5,50,0,0.18,0,Frozen,NA,NA,NA,NA,NA,Yes,7/24/20,75,94.6,104.1,1.82,1.97,,NA,NA,NA,NA,NA,+,,,NA,NA,NA,6.5,6.5_MSU977,953
6.7_MSU977,MA006.7,6.7_S91_L006,Bos Taurus,Dairy,Holstein,Fecal grab,MA006,4927,7,B,Antibiotic,SPECTRAMAST¨ÊDC and ORBESEAL¨,Week 9,B Week 9,8/1/19,5/29/19,1,Yes,7/31/19,63,Fresh,1947368.42,39788.73,0,2.04,0,Frozen,NA,NA,NA,NA,NA,Yes,7/25/20,75,135.6,160.3,1.8,0.51,,NA,NA,NA,NA,NA,+,,,NA,NA,NA,6.7,6.7_MSU977,674
7.1_MSU977,MA007.1,7.1_S92_L006,Bos Taurus,Dairy,Holstein,Fecal grab,MA007,4808,1,B,Antibiotic,SPECTRAMAST¨ÊDC and ORBESEAL¨,Day -1,B Day -1,8/1/19,5/29/19,1,Yes,5/28/19,-1,Frozen,244791.67,350,0,0.14,0,Frozen,2470000,21900,378000,0.89,15.32,Yes,7/23/20,75,108,144.7,1.79,1.55,7/7/20,50,167,261.8,1.82,1.55,+,high,,NA,NA,NA,7.1,7.1_MSU977,1033
7.2_MSU977,MA007.2,7.2_S93_L006,Bos Taurus,Dairy,Holstein,Fecal grab,MA007,4808,2,B,Antibiotic,SPECTRAMAST¨ÊDC and ORBESEAL¨,Week 1,B Week 1,8/1/19,5/29/19,1,Yes,6/5/19,7,Frozen,25162.69,50,0,0.2,0,Frozen,394000,17600,293000,4.47,74.46,Yes,7/23/20,75,78.4,89,1.78,1.81,,NA,NA,NA,NA,NA,+,,,NA,NA,NA,7.2,7.2_MSU977,799
7.5_MSU977,MA007.5,7.5_S94_L006,Bos Taurus,Dairy,Holstein,Fecal grab,MA007,4808,5,B,Antibiotic,SPECTRAMAST¨ÊDC and ORBESEAL¨,Week 5,B Week 5,8/1/19,5/29/19,1,Yes,7/3/19,35,Frozen,187500,766.67,0,0.41,0,Frozen,NA,NA,NA,NA,NA,Yes,7/24/20,75,60.2,58.3,1.88,0.27,,NA,NA,NA,NA,NA,+,,,NA,NA,NA,7.5,7.5_MSU977,956
7.7_MSU977,MA007.7,7.7_S95_L006,Bos Taurus,Dairy,Holstein,Fecal grab,MA007,4808,7,B,Antibiotic,SPECTRAMAST¨ÊDC and ORBESEAL¨,Week 9,B Week 9,8/1/19,5/29/19,1,Yes,7/31/19,63,Fresh,2789473.68,706140.35,0,25.31,0,Frozen,NA,NA,NA,NA,NA,Yes,7/25/20,75,110,130.9,1.81,1.83,,NA,NA,NA,NA,NA,+,,,NA,NA,NA,7.7,7.7_MSU977,940
8.1_MSU977,MA008.1,8.1_S96_L006,Bos Taurus,Dairy,Holstein,Fecal grab,MA008,4996,1,B,Antibiotic,SPECTRAMAST¨ÊDC and ORBESEAL¨,Day -1,B Day -1,9/5/19,6/19/19,1,Yes,6/18/19,-1,Frozen,113382.9,0,12.5,0,0.01,Frozen,823000,7400,316000,0.9,38.38,Yes,7/23/20,75,41.2,54.3,1.79,1.01,7/7/20,50,95,152,1.78,1.74,+,,,NA,NA,NA,8.1,8.1_MSU977,627
8.2_MSU977,MA008.2,8.2_S97_L006,Bos Taurus,Dairy,Holstein,Fecal grab,MA008,4996,2,B,Antibiotic,SPECTRAMAST¨ÊDC and ORBESEAL¨,Week 1,B Week 1,9/5/19,6/19/19,1,Yes,6/26/19,7,Frozen,161458.33,1233.33,0,0.76,0,Frozen,823000,14200,1.00E+05,1.73,12.17,Yes,7/23/20,75,37.8,55.2,1.71,0.5,,NA,NA,NA,NA,NA,+,,,NA,NA,NA,8.2,8.2_MSU977,824
8.5_MSU977,MA008.5,8.5_S98_L006,Bos Taurus,Dairy,Holstein,Fecal grab,MA008,4996,5,B,Antibiotic,SPECTRAMAST¨ÊDC and ORBESEAL¨,Week 5,B Week 5,9/5/19,6/19/19,1,Yes,7/24/19,35,Fresh,960526.32,3741.87,0,0.39,0,Frozen,NA,NA,NA,NA,NA,Yes,7/25/20,75,68.8,80.6,1.79,0.56,,NA,NA,NA,NA,NA,+,,,NA,NA,NA,8.5,8.5_MSU977,1023
8.7_MSU977,MA008.7,8.7_S99_L006,Bos Taurus,Dairy,Holstein,Fecal grab,MA008,4996,7,B,Antibiotic,SPECTRAMAST¨ÊDC and ORBESEAL¨,Week 9,B Week 9,9/5/19,6/19/19,1,Yes,8/21/19,63,Fresh,309602.65,108.46,50,0.04,0.02,Frozen,NA,NA,NA,NA,NA,Yes,7/26/20,75,120,161,1.79,1.75,,NA,NA,NA,NA,NA,+,,,NA,NA,NA,8.7,8.7_MSU977,1153
9.1_MSU977,MA009.1,9.1_S100_L006,Bos Taurus,Dairy,Holstein,Fecal grab,MA009,4953,1,A,Control,ORBESEAL¨ only ,Day -1,A Day -1,9/5/19,6/26/19,2,Yes,6/18/19,-1,Frozen,262152.78,800,475,0.31,0.18,Frozen,712000,79500,2.00E+05,11.16,28.04,Yes,7/23/20,75,45,59.4,1.76,1.27,,NA,NA,NA,NA,NA,+,,,NA,NA,NA,9.1,9.1_MSU977,706
9.2_MSU977,MA009.2,9.2_S101_L006,Bos Taurus,Dairy,Holstein,Fecal grab,MA009,4953,2,A,Control,ORBESEAL¨ only ,Week 1,A Week 1,9/5/19,6/26/19,2,Yes,7/3/19,7,Frozen,227430.56,83.33,0,0.04,0,Frozen,2410000,1900,34700,0.08,1.44,Yes,7/24/20,75,57.2,74.7,1.78,0.67,,NA,NA,NA,NA,NA,+,,,NA,NA,NA,9.2,9.2_MSU977,1129
9.5_MSU977,MA009.5,9.5_S102_L006,Bos Taurus,Dairy,Holstein,Fecal grab,MA009,4953,5,A,Control,ORBESEAL¨ only ,Week 5,A Week 5,9/5/19,6/26/19,2,Yes,7/31/19,35,Fresh,1842105.26,51760.56,325.38,2.81,0.02,Frozen,NA,NA,NA,NA,NA,Yes,7/25/20,75,114,123.5,1.82,0.85,,NA,NA,NA,NA,NA,+,,,NA,NA,NA,9.5,9.5_MSU977,1141
9.7_MSU977,MA009.7,9.7_S103_L006,Bos Taurus,Dairy,Holstein,Fecal grab,MA009,4953,7,A,Control,ORBESEAL¨ only ,Week 9,A Week 9,9/5/19,6/26/19,2,Yes,8/28/19,63,Fresh,229041.92,325.38,0,0.14,0,Frozen,NA,NA,NA,NA,NA,Yes,7/26/20,75,93.4,92,1.8,1.78,,NA,NA,NA,NA,NA,+,,,NA,NA,NA,9.7,9.7_MSU977,1110